Pair,High,Low,Last Price,Volume,Timestamp
ADAUSD,1.088357,0.98617,1.056036,19658466.4,1736986700
DOTUSD,7.1958,6.5596,7.089,332490.9254,1736986700
XETHZUSD,3473.02,3186.61,3427.9,14695.42685,1736986700
LINKUSD,22.14999,20.11,21.76,252827.4383,1736986700
XLTCZUSD,118.76,100.79,115.96,33311.46753,1736986700
MATICUSD,0.4887,0.4468,0.4819,970131.469,1736986700
SOLUSD,206.22,185.88,204.41,228121.542,1736986700
XXBTZUSD,100731.7,96500,100110.5,2237.479064,1736986700
XDGUSD,0.3877544,0.3483396,0.3801157,94465966.67,1736986700
XXRPZUSD,3.2,2.66102,3.0511,117068267.8,1736986700
ADAUSD,1.088357,0.98617,1.055987,19669689.28,1736986760
DOTUSD,7.1958,6.5596,7.0814,332215.4889,1736986760
XETHZUSD,3473.02,3186.61,3421.01,14717.04008,1736986760
LINKUSD,22.14999,20.11,21.71652,252978.3764,1736986760
XLTCZUSD,118.76,100.79,115.9,33309.85704,1736986760
MATICUSD,0.4887,0.4468,0.4814,970172.9456,1736986760
SOLUSD,206.22,185.88,204.2,228396.0184,1736986760
XXBTZUSD,100731.7,96500,100109.7,2237.548471,1736986760
XDGUSD,0.3877544,0.3483396,0.3794,95316792.15,1736986760
XXRPZUSD,3.2,2.66102,3.0473,117475990,1736986760
ADAUSD,1.088357,0.98617,1.059549,19670414.17,1736986820
DOTUSD,7.1958,6.5596,7.088,334940.544,1736986820
XETHZUSD,3473.02,3186.61,3428.04,14720.63458,1736986820
LINKUSD,22.14999,20.11,21.83795,253035.1088,1736986820
XLTCZUSD,118.76,100.79,116.8,33459.0916,1736986820
MATICUSD,0.4887,0.4468,0.4814,970097.9943,1736986820
SOLUSD,206.22,185.88,204.63,228550.0997,1736986820
XXBTZUSD,100731.7,96500,100338.7,2233.494468,1736986820
XDGUSD,0.3877544,0.3483396,0.3813003,95230124.21,1736986820
XXRPZUSD,3.2,2.66102,3.06251,117581812.2,1736986820
ADAUSD,1.088357,0.98617,1.05894,19684178.97,1736986880
DOTUSD,7.1958,6.5596,7.0948,334978.6941,1736986880
XETHZUSD,3473.02,3186.61,3426.34,14720.8123,1736986880
LINKUSD,22.14999,20.11,21.76461,252825.4015,1736986880
XLTCZUSD,118.76,100.79,116.22,33480.23067,1736986880
MATICUSD,0.4887,0.4468,0.4814,970097.9943,1736986880
SOLUSD,206.22,185.88,204.4,228558.1811,1736986880
XXBTZUSD,100731.7,96500,100350.1,2233.933402,1736986880
XDGUSD,0.3877544,0.3483396,0.3802359,95092908.36,1736986880
XXRPZUSD,3.2,2.66102,3.04687,117698169.8,1736986880
ADAUSD,1.088357,0.98617,1.055621,19683597.85,1736986941
DOTUSD,7.1958,6.5596,7.0948,334694.6032,1736986941
XETHZUSD,3473.02,3186.61,3423.04,14724.35522,1736986941
LINKUSD,22.14999,20.11,21.73,252912.8229,1736986941
XLTCZUSD,118.76,100.79,115.95,33491.61203,1736986941
MATICUSD,0.4887,0.4468,0.482,970597.9943,1736986941
SOLUSD,206.22,185.88,204.32,228538.5556,1736986941
XXBTZUSD,100731.7,96500,100252,2234.270786,1736986941
XDGUSD,0.3877544,0.3483396,0.3793578,95161265.69,1736986941
XXRPZUSD,3.2,2.66102,3.03919,117819177.8,1736986941
ADAUSD,1.088357,0.98617,1.055879,19647470.06,1736987001
DOTUSD,7.1958,6.5596,7.0766,337368.7467,1736987001
XETHZUSD,3473.02,3186.61,3423.18,14720.05063,1736987001
LINKUSD,22.14999,20.11,21.70196,252931.5139,1736987001
XLTCZUSD,118.76,100.79,116.4,33504.21882,1736987001
MATICUSD,0.4887,0.4468,0.481,971868.8499,1736987001
SOLUSD,206.22,185.88,204.43,228656.7626,1736987001
XXBTZUSD,100731.7,96500,100334,2230.87731,1736987001
XDGUSD,0.3877544,0.3483396,0.3796315,95168819.49,1736987001
XXRPZUSD,3.2,2.66102,3.04591,117868678.2,1736987001
ADAUSD,1.088357,0.98617,1.059178,19647542.27,1736987061
DOTUSD,7.1958,6.5596,7.0925,337152.7171,1736987061
XETHZUSD,3473.02,3186.61,3427.25,14720.08469,1736987061
LINKUSD,22.14999,20.11,21.76029,254110.0334,1736987061
XLTCZUSD,118.76,100.79,116.38,33505.70323,1736987061
MATICUSD,0.4887,0.4468,0.481,971868.8499,1736987061
SOLUSD,206.22,185.88,204.54,228091.7342,1736987061
XXBTZUSD,100731.7,96500,100388.9,2230.150346,1736987061
XDGUSD,0.3877544,0.3483396,0.3800657,95085934.83,1736987061
XXRPZUSD,3.2,2.66102,3.05293,117772223.4,1736987061
ADAUSD,1.088357,0.98617,1.060293,19647306.91,1736987121
DOTUSD,7.1958,6.5596,7.0925,336832.0683,1736987121
XETHZUSD,3473.02,3186.61,3430.32,14724.34565,1736987121
LINKUSD,22.14999,20.11,21.76029,254289.115,1736987121
XLTCZUSD,118.76,100.79,116.67,33501.13264,1736987121
MATICUSD,0.4887,0.4468,0.4832,971908.9378,1736987121
SOLUSD,206.22,185.88,204.79,228086.3445,1736987121
XXBTZUSD,100731.7,96500,100459.1,2235.158908,1736987121
XDGUSD,0.3877544,0.3483396,0.3803638,94948687.53,1736987121
XXRPZUSD,3.2,2.66102,3.0508,118031768,1736987121
ADAUSD,1.088357,0.98617,1.0594,19646404.71,1736987181
DOTUSD,7.1958,6.5596,7.0887,337267.9228,1736987181
XETHZUSD,3473.02,3186.61,3429.45,14713.79522,1736987181
LINKUSD,22.14999,20.11,21.76029,254265.5093,1736987181
XLTCZUSD,118.76,100.79,116.38,33537.655,1736987181
MATICUSD,0.4887,0.4468,0.4832,971445.1965,1736987181
SOLUSD,206.22,185.88,205.05,228314.6275,1736987181
XXBTZUSD,100731.7,96500,100430.5,2233.053604,1736987181
XDGUSD,0.3877544,0.3483396,0.3811247,94631352.71,1736987181
XXRPZUSD,3.2,2.66102,3.04672,118027371.1,1736987181
ADAUSD,1.088357,0.98617,1.058644,19646647.05,1736987242
DOTUSD,7.1958,6.5596,7.0789,337100.7397,1736987242
XETHZUSD,3473.02,3186.61,3429.45,14713.29701,1736987242
LINKUSD,22.14999,20.11,21.80119,254269.4239,1736987242
XLTCZUSD,118.76,100.79,116.3,33674.61632,1736987242
MATICUSD,0.4887,0.4468,0.4832,971445.1965,1736987242
SOLUSD,206.22,185.88,205.1,228302.1913,1736987242
XXBTZUSD,100731.7,96500,100499.9,2234.448607,1736987242
XDGUSD,0.3877544,0.3483396,0.380421,94965654.87,1736987242
XXRPZUSD,3.2,2.66102,3.04387,118037636.9,1736987242
ADAUSD,1.088357,0.98617,1.057,19644951.66,1736987302
DOTUSD,7.1958,6.5596,7.0789,336942.2843,1736987302
XETHZUSD,3473.02,3186.61,3425.96,14888.5265,1736987302
LINKUSD,22.14999,20.11,21.77174,254229.9763,1736987302
XLTCZUSD,118.76,100.79,116.02,33714.53221,1736987302
MATICUSD,0.4887,0.4468,0.4832,971357.8912,1736987302
SOLUSD,206.22,185.88,205.01,228286.8522,1736987302
XXBTZUSD,100731.7,96500,100476.6,2240.585318,1736987302
XDGUSD,0.3877544,0.3483396,0.3796316,94976309.21,1736987302
XXRPZUSD,3.2,2.66102,3.03694,118057420.3,1736987302
ADAUSD,1.088357,0.98617,1.05574,19665916.6,1736987362
DOTUSD,7.1958,6.5596,7.0789,336942.2843,1736987362
XETHZUSD,3473.02,3186.61,3423.76,14893.48368,1736987362
LINKUSD,22.14999,20.11,21.77174,254229.9763,1736987362
XLTCZUSD,118.76,100.79,115.82,33863.1816,1736987362
MATICUSD,0.4887,0.4468,0.4832,971357.8912,1736987362
SOLUSD,206.22,185.88,204.7,228337.9252,1736987362
XXBTZUSD,100731.7,96500,100368.7,2240.690137,1736987362
XDGUSD,0.3877544,0.3483396,0.3790305,95059343.24,1736987362
XXRPZUSD,3.2,2.66102,3.02701,118179702.2,1736987362
ADAUSD,1.088357,0.98617,1.05647,19676424.44,1736987422
DOTUSD,7.1958,6.5596,7.0734,336929.7043,1736987422
XETHZUSD,3473.02,3186.61,3422.82,14894.68916,1736987422
LINKUSD,22.14999,20.11,21.74229,254187.8605,1736987422
XLTCZUSD,118.76,100.79,116.77,34159.56561,1736987422
MATICUSD,0.4887,0.4468,0.4832,971357.8912,1736987422
SOLUSD,206.22,185.88,204.75,228356.1616,1736987422
XXBTZUSD,100731.7,96500,100353.1,2240.224264,1736987422
XDGUSD,0.3877544,0.3483396,0.3795592,95086052.38,1736987422
XXRPZUSD,3.2,2.66102,3.03032,118293212.2,1736987422
ADAUSD,1.088357,0.98617,1.053852,19678363.48,1736987483
DOTUSD,7.1958,6.5596,7.0627,336952.0151,1736987483
XETHZUSD,3473.02,3186.61,3422.46,14893.56036,1736987483
LINKUSD,22.14999,20.11,21.74229,254094.651,1736987483
XLTCZUSD,118.76,100.79,116.68,34160.84078,1736987483
MATICUSD,0.4887,0.4468,0.4832,971338.6964,1736987483
SOLUSD,206.22,185.88,204.83,228357.0385,1736987483
XXBTZUSD,100731.7,96500,100300.1,2237.446107,1736987483
XDGUSD,0.3877544,0.3483396,0.3786534,95122209.11,1736987483
XXRPZUSD,3.2,2.66102,3.01797,118529393.1,1736987483
ADAUSD,1.088357,0.98617,1.050435,19639896.97,1736987543
DOTUSD,7.1958,6.5596,7.0382,337418.6699,1736987543
XETHZUSD,3473.02,3186.61,3420.21,14897.62806,1736987543
LINKUSD,22.14999,20.11,21.65685,254017.4791,1736987543
XLTCZUSD,118.76,100.79,116.56,34196.94935,1736987543
MATICUSD,0.4887,0.4468,0.4803,972368.6964,1736987543
SOLUSD,206.22,185.88,204.67,228622.1647,1736987543
XXBTZUSD,100731.7,96500,100300,2239.918741,1736987543
XDGUSD,0.3877544,0.3483396,0.3781562,95155305.65,1736987543
XXRPZUSD,3.2,2.66102,3.00212,118657478.5,1736987543
ADAUSD,1.088357,0.98617,1.05281,19684438.38,1736987603
DOTUSD,7.1958,6.5596,7.0497,337442.8558,1736987603
XETHZUSD,3473.02,3186.61,3420.72,14899.03951,1736987603
LINKUSD,22.14999,20.11,21.65615,254001.2286,1736987603
XLTCZUSD,118.76,100.79,116.64,34215.16447,1736987603
MATICUSD,0.4887,0.4468,0.4808,972391.7697,1736987603
SOLUSD,206.22,185.88,204.84,228539.0699,1736987603
XXBTZUSD,100731.7,96500,100252,2239.321777,1736987603
XDGUSD,0.3877544,0.3483396,0.3787136,95368406.5,1736987603
XXRPZUSD,3.2,2.66102,3.01182,118820374.6,1736987603
ADAUSD,1.088357,0.98617,1.050345,19685337.77,1736987663
DOTUSD,7.1958,6.5596,7.0517,337571.426,1736987663
XETHZUSD,3473.02,3186.61,3422.88,14842.89902,1736987663
LINKUSD,22.14999,20.11,21.65615,253836.7416,1736987663
XLTCZUSD,118.76,100.79,116.21,34879.50173,1736987663
MATICUSD,0.4887,0.4468,0.4809,972394.6811,1736987663
SOLUSD,206.22,185.88,204.79,228470.6759,1736987663
XXBTZUSD,100731.7,96500,100231.7,2239.309187,1736987663
XDGUSD,0.3877544,0.3483396,0.3784428,95371226.23,1736987663
XXRPZUSD,3.2,2.66102,3.00902,118896179.1,1736987663
ADAUSD,1.088357,0.98617,1.046423,19741542.45,1736987723
DOTUSD,7.1958,6.5596,7.043,337571.855,1736987723
XETHZUSD,3473.02,3186.61,3409.07,14881.22451,1736987723
LINKUSD,22.14999,20.11,21.63329,253470.9705,1736987723
XLTCZUSD,118.76,100.79,116.25,34883.13286,1736987723
MATICUSD,0.4887,0.4468,0.4801,972438.8041,1736987723
SOLUSD,206.22,185.88,204.14,228558.5818,1736987723
XXBTZUSD,100731.7,96500,100160.2,2238.622584,1736987723
XDGUSD,0.3877544,0.3483396,0.3770494,95464378.64,1736987723
XXRPZUSD,3.2,2.66102,2.98323,119429676.3,1736987723
ADAUSD,1.088357,0.98617,1.043893,19795950.57,1736987784
DOTUSD,7.1958,6.5596,7.0106,337876.2774,1736987784
XETHZUSD,3473.02,3186.61,3399.78,14924.62617,1736987784
LINKUSD,22.14999,20.11,21.5687,253643.8034,1736987784
XLTCZUSD,118.76,100.79,115.54,34875.30734,1736987784
MATICUSD,0.4887,0.4468,0.4789,974772.9178,1736987784
SOLUSD,206.22,185.88,203.66,228777.6526,1736987784
XXBTZUSD,100731.7,96500,100049.7,2239.276258,1736987784
XDGUSD,0.3877544,0.3483396,0.3760689,95842263.21,1736987784
XXRPZUSD,3.2,2.66102,2.96768,120775020.9,1736987784
ADAUSD,1.088357,0.98617,1.043317,19804501.15,1736987844
DOTUSD,7.1958,6.5596,7.0121,337989.4717,1736987844
XETHZUSD,3473.02,3186.61,3400.86,14945.80171,1736987844
LINKUSD,22.14999,20.11,21.5976,256046.5053,1736987844
XLTCZUSD,118.76,100.79,115.64,34889.9072,1736987844
MATICUSD,0.4887,0.4468,0.478,975433.0577,1736987844
SOLUSD,206.22,185.88,203.64,229757.1118,1736987844
XXBTZUSD,100731.7,96500,99857.8,2251.761873,1736987844
XDGUSD,0.3877544,0.3483396,0.3760345,95905906.2,1736987844
XXRPZUSD,3.2,2.66102,2.96723,121479822.7,1736987844
ADAUSD,1.088357,0.98617,1.042056,19815264.39,1736987904
DOTUSD,7.1958,6.5596,7.006,337963.8857,1736987904
XETHZUSD,3473.02,3186.61,3399.98,14947.50489,1736987904
LINKUSD,22.14999,20.11,21.51882,255571.1322,1736987904
XLTCZUSD,118.76,100.79,114.74,34946.66579,1736987904
MATICUSD,0.4887,0.4468,0.478,975433.0577,1736987904
SOLUSD,206.22,185.88,203.5,230288.2518,1736987904
XXBTZUSD,100731.7,96500,99796.8,2251.894004,1736987904
XDGUSD,0.3877544,0.3483396,0.3749957,96444547.1,1736987904
XXRPZUSD,3.2,2.66145,2.95245,122009616.3,1736987904
ADAUSD,1.088357,0.98617,1.038031,19839593.21,1736987964
DOTUSD,7.1958,6.5596,6.997,338566.0478,1736987964
XETHZUSD,3473.02,3186.61,3390.57,14983.42599,1736987964
LINKUSD,22.14999,20.11,21.47833,255700.5563,1736987964
XLTCZUSD,118.76,100.79,114.29,35029.39912,1736987964
MATICUSD,0.4887,0.4468,0.477,976055.8601,1736987964
SOLUSD,206.22,185.88,203.24,233472.6576,1736987964
XXBTZUSD,100731.7,96500,99715.3,2252.667157,1736987964
XDGUSD,0.3877544,0.3483396,0.3744037,96489487.08,1736987964
XXRPZUSD,3.2,2.66145,2.93315,122564480,1736987964
ADAUSD,1.088357,0.98617,1.038917,19853751.8,1736988024
DOTUSD,7.1958,6.5596,7.0028,338657.0767,1736988024
XETHZUSD,3473.02,3186.61,3388.07,15151.70661,1736988024
LINKUSD,22.14999,20.11,21.49,255972.2295,1736988024
XLTCZUSD,118.76,100.79,114.35,35045.76865,1736988024
MATICUSD,0.4887,0.4468,0.477,976055.8601,1736988024
SOLUSD,206.22,185.88,203.28,233695.9429,1736988024
XXBTZUSD,100731.7,96500,99716.2,2259.470605,1736988024
XDGUSD,0.3877544,0.3483396,0.373986,96566285.13,1736988024
XXRPZUSD,3.2,2.66145,2.95199,122649256.4,1736988024
ADAUSD,1.088357,0.98617,1.041654,19874050.25,1736988084
DOTUSD,7.1958,6.5596,7.0194,338735.0788,1736988084
XETHZUSD,3473.02,3186.61,3394.99,15152.18372,1736988084
LINKUSD,22.14999,20.11,21.54748,260715.9471,1736988084
XLTCZUSD,118.76,100.79,115,35367.77094,1736988084
MATICUSD,0.4887,0.4468,0.4775,977130.2624,1736988084
SOLUSD,206.22,185.88,203.84,233745.1522,1736988084
XXBTZUSD,100731.7,96500,99850,2260.026294,1736988084
XDGUSD,0.3877544,0.3483396,0.3755193,96573907.2,1736988084
XXRPZUSD,3.2,2.66145,2.95446,122906159.9,1736988084
ADAUSD,1.088357,0.98617,1.041332,19843003.98,1736988145
DOTUSD,7.1958,6.5596,7.0194,338735.0788,1736988145
XETHZUSD,3473.02,3186.61,3391.32,15157.19668,1736988145
LINKUSD,22.14999,20.11,21.56326,260710.6024,1736988145
XLTCZUSD,118.76,100.79,114.55,35391.48667,1736988145
MATICUSD,0.4887,0.4468,0.4775,977130.2624,1736988145
SOLUSD,206.22,185.88,203.78,233750.7885,1736988145
XXBTZUSD,100731.7,96500,99806,2260.086774,1736988145
XDGUSD,0.3877544,0.3483396,0.3750469,96592644.57,1736988145
XXRPZUSD,3.2,2.66145,2.95591,122980341.3,1736988145
ADAUSD,1.088357,0.98617,1.040494,19842861.89,1736988205
DOTUSD,7.1958,6.5596,7.0053,338673.0452,1736988205
XETHZUSD,3473.02,3186.61,3389.43,15149.24118,1736988205
LINKUSD,22.14999,20.11,21.54991,260585.3922,1736988205
XLTCZUSD,118.76,100.79,114.49,35412.69512,1736988205
MATICUSD,0.4887,0.4468,0.4776,977630.2624,1736988205
SOLUSD,206.22,185.88,203.65,233731.9882,1736988205
XXBTZUSD,100731.7,96500,99676.8,2260.027619,1736988205
XDGUSD,0.3877544,0.3483396,0.374333,96649382.57,1736988205
XXRPZUSD,3.2,2.66145,2.95318,123296303.9,1736988205
ADAUSD,1.088357,0.98617,1.041037,19845386.82,1736988265
DOTUSD,7.1958,6.5596,7.0036,338798.0655,1736988265
XETHZUSD,3473.02,3186.61,3391.02,15154.78359,1736988265
LINKUSD,22.14999,20.11,21.55092,260788.9656,1736988265
XLTCZUSD,118.76,100.79,115.05,35461.47734,1736988265
MATICUSD,0.4887,0.4468,0.4776,977630.2624,1736988265
SOLUSD,206.22,185.88,203.74,235170.7697,1736988265
XXBTZUSD,100731.7,96500,99667.6,2260.895838,1736988265
XDGUSD,0.3877544,0.3483396,0.3743257,96637580.7,1736988265
XXRPZUSD,3.2,2.66145,2.9559,123419561.7,1736988265
ADAUSD,1.088357,0.98617,1.042889,20150686.13,1736988326
DOTUSD,7.1958,6.5596,7.0285,338981.591,1736988326
XETHZUSD,3473.02,3186.61,3394.99,15153.26652,1736988326
LINKUSD,22.14999,20.11,21.6093,261078.3462,1736988326
XLTCZUSD,118.76,100.79,114.94,35624.04825,1736988326
MATICUSD,0.4887,0.4468,0.4776,977630.2624,1736988326
SOLUSD,206.22,185.88,203.98,235187.4747,1736988326
XXBTZUSD,100731.7,96500,99781.5,2260.367034,1736988326
XDGUSD,0.3877544,0.3483396,0.3751361,96643461.11,1736988326
XXRPZUSD,3.2,2.66145,2.97414,123673224.8,1736988326
ADAUSD,1.088357,0.98617,1.042801,20151525.96,1736988386
DOTUSD,7.1958,6.5596,7.0308,338323.4057,1736988386
XETHZUSD,3473.02,3186.61,3395,15153.45608,1736988386
LINKUSD,22.14999,20.11,21.62946,261126.2012,1736988386
XLTCZUSD,118.76,100.79,114.59,35596.85225,1736988386
MATICUSD,0.4887,0.4468,0.4776,977630.2624,1736988386
SOLUSD,206.22,185.88,204.25,235262.1249,1736988386
XXBTZUSD,100731.7,96500,99791.8,2260.845021,1736988386
XDGUSD,0.3877544,0.3483396,0.3749508,96704748.07,1736988386
XXRPZUSD,3.2,2.66562,2.96315,123764349.8,1736988386
ADAUSD,1.088357,0.98617,1.043079,20152543.35,1736988446
DOTUSD,7.1958,6.5596,7.0285,338307.0835,1736988446
XETHZUSD,3473.02,3186.61,3395.14,15156.02783,1736988446
LINKUSD,22.14999,20.11,21.62946,261122.0104,1736988446
XLTCZUSD,118.76,100.79,114.52,35575.28434,1736988446
MATICUSD,0.4887,0.4468,0.4776,977630.2624,1736988446
SOLUSD,206.22,185.88,204.35,235378.1915,1736988446
XXBTZUSD,100731.7,96500,99700,2260.695053,1736988446
XDGUSD,0.3877544,0.3483396,0.3748424,96759307.86,1736988446
XXRPZUSD,3.2,2.66735,2.96425,123805927.5,1736988446
ADAUSD,1.088357,0.98617,1.044215,20156094.04,1736988506
DOTUSD,7.1958,6.5596,7.0285,338307.0835,1736988506
XETHZUSD,3473.02,3186.61,3393.76,15163.48616,1736988506
LINKUSD,22.14999,20.11,21.62946,261120.8553,1736988506
XLTCZUSD,118.76,100.79,114.94,35577.65658,1736988506
MATICUSD,0.4887,0.4468,0.4776,977630.2624,1736988506
SOLUSD,206.22,185.88,204.17,235382.3233,1736988506
XXBTZUSD,100731.7,96500,99690,2260.678667,1736988506
XDGUSD,0.3877544,0.3483396,0.3744733,96846647.1,1736988506
XXRPZUSD,3.2,2.67184,2.96911,123875047,1736988506
ADAUSD,1.088357,0.98617,1.046629,20159655.65,1736988567
DOTUSD,7.1958,6.5596,7.0424,338391.4717,1736988567
XETHZUSD,3473.02,3186.61,3398.84,15168.80481,1736988567
LINKUSD,22.14999,20.11,21.62946,261084.9917,1736988567
XLTCZUSD,118.76,100.79,115.26,35583.02908,1736988567
MATICUSD,0.4887,0.4468,0.4776,977630.2624,1736988567
SOLUSD,206.22,185.88,204.28,235528.4103,1736988567
XXBTZUSD,100731.7,96500,99700,2260.799851,1736988567
XDGUSD,0.3877544,0.3483396,0.3757392,96809954.45,1736988567
XXRPZUSD,3.2,2.67286,2.98179,123951810.8,1736988567
ADAUSD,1.088357,0.98617,1.045805,20161087.8,1736988627
DOTUSD,7.1958,6.5596,7.045,338397.0706,1736988627
XETHZUSD,3473.02,3186.61,3402.1,15166.79984,1736988627
LINKUSD,22.14999,20.11,21.69796,261142.9019,1736988627
XLTCZUSD,118.76,100.79,115.45,35749.42678,1736988627
MATICUSD,0.4887,0.4468,0.4776,977630.2624,1736988627
SOLUSD,206.22,185.88,204.49,235551.7999,1736988627
XXBTZUSD,100731.7,96500,99791.8,2262.738846,1736988627
XDGUSD,0.3877544,0.3483396,0.3759271,96791933.51,1736988627
XXRPZUSD,3.2,2.67286,2.99066,124104780.2,1736988627
ADAUSD,1.088357,0.98617,1.046891,20180318.55,1736988687
DOTUSD,7.1958,6.5596,7.0596,338423.2181,1736988687
XETHZUSD,3473.02,3186.61,3403.33,15167.20072,1736988687
LINKUSD,22.14999,20.11,21.71968,261154.6316,1736988687
XLTCZUSD,118.76,100.79,115.37,35793.11364,1736988687
MATICUSD,0.4887,0.4468,0.4776,977603.9731,1736988687
SOLUSD,206.22,185.88,204.71,235597.6737,1736988687
XXBTZUSD,100731.7,96500,99873,2263.102483,1736988687
XDGUSD,0.3877544,0.3483396,0.3762358,96812191.89,1736988687
XXRPZUSD,3.2,2.67286,2.99601,124304498.3,1736988687
ADAUSD,1.088357,0.98617,1.0462,20180963.27,1736988747
DOTUSD,7.1958,6.5596,7.0622,338507.1927,1736988747
XETHZUSD,3473.02,3186.61,3401.18,15199.96072,1736988747
LINKUSD,22.14999,20.11,21.70807,261189.0519,1736988747
XLTCZUSD,118.76,100.79,115.37,35791.71069,1736988747
MATICUSD,0.4887,0.4468,0.4776,977603.9731,1736988747
SOLUSD,206.22,185.88,204.69,235498.9113,1736988747
XXBTZUSD,100731.7,96500,99800.2,2263.016611,1736988747
XDGUSD,0.3877544,0.3483396,0.3757918,96807565.45,1736988747
XXRPZUSD,3.2,2.67286,2.99289,124647545.2,1736988747
ADAUSD,1.088357,0.98617,1.045701,20181007.6,1736988807
DOTUSD,7.1958,6.5596,7.0622,338507.1927,1736988807
XETHZUSD,3473.02,3186.61,3401.32,15191.24535,1736988807
LINKUSD,22.14999,20.11,21.70807,261189.0519,1736988807
XLTCZUSD,118.76,100.79,115.34,35805.2846,1736988807
MATICUSD,0.4887,0.4468,0.4776,977603.9731,1736988807
SOLUSD,206.22,185.88,204.86,235516.9674,1736988807
XXBTZUSD,100731.7,96500,99800,2263.018293,1736988807
XDGUSD,0.3877544,0.3483396,0.3758311,96808511.86,1736988807
XXRPZUSD,3.2,2.67286,2.99422,124840660.7,1736988807
ADAUSD,1.088357,0.98617,1.046148,20181110.6,1736988868
DOTUSD,7.1958,6.5596,7.0622,338497.7546,1736988868
XETHZUSD,3473.02,3186.61,3401.55,15191.68383,1736988868
LINKUSD,22.14999,20.11,21.70807,261189.0519,1736988868
XLTCZUSD,118.76,100.79,115.4,35829.14656,1736988868
MATICUSD,0.4887,0.4468,0.4776,977603.9731,1736988868
SOLUSD,206.22,185.88,204.7,235551.1021,1736988868
XXBTZUSD,100731.7,96500,99800.1,2263.865668,1736988868
XDGUSD,0.3877544,0.3483396,0.3759991,96784425.91,1736988868
XXRPZUSD,3.2,2.67286,3.00191,125081622.8,1736988868
ADAUSD,1.088357,0.98617,1.047378,20182638.23,1736988928
DOTUSD,7.1958,6.5596,7.0579,339622.7962,1736988928
XETHZUSD,3473.02,3186.61,3402.04,15192.15867,1736988928
LINKUSD,22.14999,20.11,21.6734,261203.068,1736988928
XLTCZUSD,118.76,100.79,115.57,35856.49253,1736988928
MATICUSD,0.4887,0.4468,0.4776,977603.9731,1736988928
SOLUSD,206.22,185.88,204.95,235369.3698,1736988928
XXBTZUSD,100731.7,96500,99749.7,2269.779511,1736988928
XDGUSD,0.3877544,0.3483396,0.3764742,96838659.95,1736988928
XXRPZUSD,3.2,2.67286,3.007,125290292.7,1736988928
ADAUSD,1.088357,0.98617,1.047186,20185628.13,1736988988
DOTUSD,7.1958,6.5596,7.0579,339622.7962,1736988988
XETHZUSD,3473.02,3186.61,3402.35,15201.69637,1736988988
LINKUSD,22.14999,20.11,21.6734,261203.068,1736988988
XLTCZUSD,118.76,100.79,115.5,35952.43988,1736988988
MATICUSD,0.4887,0.4468,0.4776,977603.9731,1736988988
SOLUSD,206.22,185.88,204.86,235361.1361,1736988988
XXBTZUSD,100731.7,96500,99800,2269.642514,1736988988
XDGUSD,0.3877544,0.3483396,0.3762769,96828443.82,1736988988
XXRPZUSD,3.2,2.67286,3.00021,125967177.2,1736988988
ADAUSD,1.088357,0.98617,1.0461,20186172.04,1736989048
DOTUSD,7.1958,6.5596,7.0579,339622.7962,1736989048
XETHZUSD,3473.02,3186.61,3402.35,15201.53543,1736989048
LINKUSD,22.14999,20.11,21.6734,261203.068,1736989048
XLTCZUSD,118.76,100.79,115.41,36056.62264,1736989048
MATICUSD,0.4887,0.4468,0.4776,977603.9731,1736989048
SOLUSD,206.22,185.88,204.7,235370.9881,1736989048
XXBTZUSD,100731.7,96500,99769.6,2269.167127,1736989048
XDGUSD,0.3877544,0.3483396,0.3760191,96813799.17,1736989048
XXRPZUSD,3.2,2.67286,2.999,126077488.9,1736989048
ADAUSD,1.088357,0.98617,1.045701,20186400.15,1736989108
DOTUSD,7.1958,6.5596,7.0579,339622.7962,1736989108
XETHZUSD,3473.02,3186.61,3402.35,15201.30122,1736989108
LINKUSD,22.14999,20.11,21.6734,261203.068,1736989108
XLTCZUSD,118.76,100.79,115.31,36030.9104,1736989108
MATICUSD,0.4887,0.4468,0.4794,977668.8826,1736989108
SOLUSD,206.22,185.88,204.63,235407.7586,1736989108
XXBTZUSD,100731.7,96500,99749.9,2269.234779,1736989108
XDGUSD,0.3877544,0.3483396,0.3761739,96818624.02,1736989108
XXRPZUSD,3.2,2.67286,2.99901,126166899.8,1736989108
ADAUSD,1.088357,0.98617,1.04656,20188400.16,1736989168
DOTUSD,7.1958,6.5596,7.0579,339622.7962,1736989168
XETHZUSD,3473.02,3186.61,3402.36,15201.21014,1736989168
LINKUSD,22.14999,20.11,21.6734,261203.068,1736989168
XLTCZUSD,118.76,100.79,115.38,36062.11785,1736989168
MATICUSD,0.4887,0.4468,0.4798,977730.5863,1736989168
SOLUSD,206.22,185.88,204.63,235383.8014,1736989168
XXBTZUSD,100731.7,96500,99810,2271.209281,1736989168
XDGUSD,0.3877544,0.3483396,0.3764121,96798079.99,1736989168
XXRPZUSD,3.2,2.67286,3.01278,126297710.6,1736989168
ADAUSD,1.088357,0.98617,1.047475,20189384.38,1736989229
DOTUSD,7.1958,6.5596,7.0579,339401.355,1736989229
XETHZUSD,3473.02,3186.61,3401.48,15198.7535,1736989229
LINKUSD,22.14999,20.11,21.67312,261076.4626,1736989229
XLTCZUSD,118.76,100.79,115.51,36053.45578,1736989229
MATICUSD,0.4887,0.4468,0.4798,977526.8232,1736989229
SOLUSD,206.22,185.88,204.62,235351.2303,1736989229
XXBTZUSD,100731.7,96500,99897.3,2271.50755,1736989229
XDGUSD,0.3877544,0.3483396,0.3769317,96796375.28,1736989229
XXRPZUSD,3.2,2.67286,3.01443,126384959.4,1736989229
ADAUSD,1.088357,0.98617,1.048774,20189704.09,1736989289
DOTUSD,7.1958,6.5596,7.0592,340056.9692,1736989289
XETHZUSD,3473.02,3186.61,3398.62,15205.40784,1736989289
LINKUSD,22.14999,20.11,21.67312,261057.3039,1736989289
XLTCZUSD,118.76,100.79,115.34,36083.5594,1736989289
MATICUSD,0.4887,0.4468,0.4798,977526.8232,1736989289
SOLUSD,206.22,185.88,204.57,235392.4358,1736989289
XXBTZUSD,100731.7,96500,99897,2271.422559,1736989289
XDGUSD,0.3877544,0.3483396,0.377127,96809685.19,1736989289
XXRPZUSD,3.2,2.6753,3.01621,126668082.1,1736989289
ADAUSD,1.088357,0.98617,1.051786,20242429.84,1736989349
DOTUSD,7.1958,6.5596,7.0675,340056.3837,1736989349
XETHZUSD,3473.02,3186.61,3400.2,15211.45593,1736989349
LINKUSD,22.14999,20.11,21.74062,261069.3461,1736989349
XLTCZUSD,118.76,100.79,115.35,36087.53158,1736989349
MATICUSD,0.4887,0.4468,0.4798,977526.8232,1736989349
SOLUSD,206.22,185.88,204.81,235414.84,1736989349
XXBTZUSD,100731.7,96500,99906.2,2273.95495,1736989349
XDGUSD,0.3877544,0.3483396,0.3774224,96753738,1736989349
XXRPZUSD,3.2,2.6753,3.02222,126759202.3,1736989349
ADAUSD,1.088357,0.98617,1.052401,20242671.97,1736989409
DOTUSD,7.1958,6.5596,7.0758,340036.2507,1736989409
XETHZUSD,3473.02,3186.61,3404,15220.38967,1736989409
LINKUSD,22.14999,20.11,21.76466,261066.2923,1736989409
XLTCZUSD,118.76,100.79,115.55,36088.03193,1736989409
MATICUSD,0.4887,0.4468,0.4808,978592.9212,1736989409
SOLUSD,206.22,185.88,205.05,235773.8092,1736989409
XXBTZUSD,100731.7,96500,99995.3,2273.388551,1736989409
XDGUSD,0.3877544,0.3483396,0.3781256,96796412.5,1736989409
XXRPZUSD,3.2,2.6753,3.03204,126987796.8,1736989409
ADAUSD,1.088357,0.98617,1.055072,20257178.53,1736989469
DOTUSD,7.1958,6.5596,7.0913,340028.4102,1736989469
XETHZUSD,3473.02,3186.61,3406.45,15222.72464,1736989469
LINKUSD,22.14999,20.11,21.76466,261066.2923,1736989469
XLTCZUSD,118.76,100.79,115.47,36186.90434,1736989469
MATICUSD,0.4887,0.4468,0.4815,979651.1901,1736989469
SOLUSD,206.22,185.88,205.01,238266.1839,1736989469
XXBTZUSD,100731.7,96500,100034.8,2274.428576,1736989469
XDGUSD,0.3877544,0.3483396,0.37825,96761425.31,1736989469
XXRPZUSD,3.2,2.6753,3.0411,127300589.7,1736989469
ADAUSD,1.088357,0.98617,1.057422,20260755.17,1736989529
DOTUSD,7.1958,6.5596,7.0981,340015.2545,1736989529
XETHZUSD,3473.02,3186.61,3407.4,15221.2949,1736989529
LINKUSD,22.14999,20.11,21.80007,260995.4214,1736989529
XLTCZUSD,118.76,100.79,116.03,36225.59652,1736989529
MATICUSD,0.4887,0.4468,0.4819,980715.0199,1736989529
SOLUSD,206.22,185.88,205.07,238268.647,1736989529
XXBTZUSD,100731.7,96500,100034.9,2274.437737,1736989529
XDGUSD,0.3877544,0.3483396,0.3782589,96796196.47,1736989529
XXRPZUSD,3.2,2.6753,3.05022,127410289.3,1736989529
ADAUSD,1.088357,0.98617,1.057422,20260755.17,1736989590
DOTUSD,7.1958,6.5596,7.1028,339962.6104,1736989590
XETHZUSD,3473.02,3186.61,3410.87,15221.94179,1736989590
LINKUSD,22.14999,20.11,21.83045,261004.1767,1736989590
XLTCZUSD,118.76,100.79,116.13,36226.58346,1736989590
MATICUSD,0.4887,0.4468,0.482,981215.0199,1736989590
SOLUSD,206.22,185.88,204.99,238266.1422,1736989590
XXBTZUSD,100731.7,96500,100062.8,2274.320779,1736989590
XDGUSD,0.3877544,0.3483396,0.3783765,96829244.15,1736989590
XXRPZUSD,3.2,2.6753,3.045,127850283.1,1736989590
ADAUSD,1.088357,0.98617,1.054117,20300996.33,1736989650
DOTUSD,7.1958,6.5596,7.0989,339978.8169,1736989650
XETHZUSD,3473.02,3186.61,3408.36,15218.0146,1736989650
LINKUSD,22.14999,20.11,21.83045,261005.0843,1736989650
XLTCZUSD,118.76,100.79,115.81,36229.58251,1736989650
MATICUSD,0.4887,0.4468,0.482,981215.0199,1736989650
SOLUSD,206.22,185.88,204.64,238271.7138,1736989650
XXBTZUSD,100731.7,96500,100062.9,2274.448566,1736989650
XDGUSD,0.3877544,0.3483396,0.3780803,96823817.6,1736989650
XXRPZUSD,3.2,2.6753,3.04406,128204236.5,1736989650
ADAUSD,1.088357,0.98617,1.057406,20302552.48,1736989710
DOTUSD,7.1958,6.5596,7.114,339980.3169,1736989710
XETHZUSD,3473.02,3186.61,3411.95,15222.65821,1736989710
LINKUSD,22.14999,20.11,21.83045,261005.0843,1736989710
XLTCZUSD,118.76,100.79,116.36,36258.84738,1736989710
MATICUSD,0.4887,0.4468,0.482,981215.0199,1736989710
SOLUSD,206.22,185.88,204.79,237988.3624,1736989710
XXBTZUSD,100731.7,96500,100079.4,2275.009472,1736989710
XDGUSD,0.3877544,0.3483396,0.3786515,96826419.25,1736989710
XXRPZUSD,3.2,2.6753,3.05652,128293600,1736989710
ADAUSD,1.088357,0.98617,1.056495,20302665.69,1736989770
DOTUSD,7.1958,6.5596,7.1136,341339.7378,1736989770
XETHZUSD,3473.02,3186.61,3411.69,15295.81427,1736989770
LINKUSD,22.14999,20.11,21.83045,260945.5693,1736989770
XLTCZUSD,118.76,100.79,116.41,36262.91639,1736989770
MATICUSD,0.4887,0.4468,0.4828,981341.8941,1736989770
SOLUSD,206.22,185.88,204.73,238016.1522,1736989770
XXBTZUSD,100731.7,96500,100079,2275.478678,1736989770
XDGUSD,0.3877544,0.3483396,0.3787164,96859939.36,1736989770
XXRPZUSD,3.2,2.6753,3.05183,128615020.3,1736989770
ADAUSD,1.088357,0.98617,1.057996,20304413.01,1736989830
DOTUSD,7.1958,6.5596,7.1206,341344.6031,1736989830
XETHZUSD,3473.02,3186.61,3411.69,15292.82709,1736989830
LINKUSD,22.14999,20.11,21.83045,260927.9109,1736989830
XLTCZUSD,118.76,100.79,116.58,36403.6782,1736989830
MATICUSD,0.4887,0.4468,0.4828,981341.8941,1736989830
SOLUSD,206.22,185.88,204.84,238015.8691,1736989830
XXBTZUSD,100731.7,96500,100025.6,2264.663135,1736989830
XDGUSD,0.3877544,0.3483396,0.3786694,96864284.66,1736989830
XXRPZUSD,3.2,2.6753,3.0607,128700013.2,1736989830
ADAUSD,1.088357,0.98617,1.058546,20304334.47,1736989890
DOTUSD,7.1958,6.5596,7.1206,341344.6031,1736989890
XETHZUSD,3473.02,3186.61,3410.46,15293.28773,1736989890
LINKUSD,22.14999,20.11,21.86766,261195.9114,1736989890
XLTCZUSD,118.76,100.79,116.76,36372.85627,1736989890
MATICUSD,0.4887,0.4468,0.4827,982507.1257,1736989890
SOLUSD,206.22,185.88,204.72,238059.1038,1736989890
XXBTZUSD,100731.7,96500,100028.4,2265.093694,1736989890
XDGUSD,0.3877544,0.3483396,0.3787317,96903786.51,1736989890
XXRPZUSD,3.2,2.6753,3.06556,128912773.8,1736989890
ADAUSD,1.088357,0.98617,1.054929,20312483.6,1736989951
DOTUSD,7.1958,6.5596,7.1137,341759.4617,1736989951
XETHZUSD,3473.02,3186.61,3405.03,15297.43764,1736989951
LINKUSD,22.14999,20.11,21.86766,261104.9735,1736989951
XLTCZUSD,118.76,100.79,116.33,36410.60497,1736989951
MATICUSD,0.4887,0.4468,0.4827,982507.1257,1736989951
SOLUSD,206.22,185.88,204.17,238041.8206,1736989951
XXBTZUSD,100731.7,96500,99968,2265.513994,1736989951
XDGUSD,0.3877544,0.3483396,0.3778781,96972302.11,1736989951
XXRPZUSD,3.2,2.6753,3.04581,129558494.4,1736989951
ADAUSD,1.088357,0.98617,1.052621,20308952.64,1736990011
DOTUSD,7.1958,6.5596,7.1137,341759.4617,1736990011
XETHZUSD,3473.02,3186.61,3404.3,15297.44421,1736990011
LINKUSD,22.14999,20.11,21.79078,261104.3081,1736990011
XLTCZUSD,118.76,100.79,116.27,36404.53723,1736990011
MATICUSD,0.4887,0.4468,0.4827,982507.1257,1736990011
SOLUSD,206.22,185.88,204.08,238039.0844,1736990011
XXBTZUSD,100731.7,96500,99869.1,2265.678853,1736990011
XDGUSD,0.3877544,0.3483396,0.3776901,96999828.84,1736990011
XXRPZUSD,3.2,2.6753,3.03739,129718478.4,1736990011
ADAUSD,1.088357,0.98617,1.053908,20311865.83,1736990071
DOTUSD,7.1958,6.5596,7.0955,341771.9166,1736990071
XETHZUSD,3473.02,3186.61,3405.09,15297.50368,1736990071
LINKUSD,22.14999,20.11,21.79078,261104.3081,1736990071
XLTCZUSD,118.76,100.79,116.29,36406.35151,1736990071
MATICUSD,0.4887,0.4468,0.4827,982507.1257,1736990071
SOLUSD,206.22,185.88,204.17,239363.8393,1736990071
XXBTZUSD,100731.7,96500,99953.9,2265.607607,1736990071
XDGUSD,0.3877544,0.3483396,0.3782544,96908685.55,1736990071
XXRPZUSD,3.2,2.6753,3.0425,129738480.2,1736990071
ADAUSD,1.088357,0.98617,1.05585,20310141.21,1736990131
DOTUSD,7.1958,6.5596,7.105,343832.9165,1736990131
XETHZUSD,3473.02,3186.61,3406.02,15299.43388,1736990131
LINKUSD,22.14999,20.11,21.80005,261144.6206,1736990131
XLTCZUSD,118.76,100.79,116.43,36402.07211,1736990131
MATICUSD,0.4887,0.4468,0.4827,982062.2488,1736990131
SOLUSD,206.22,185.88,204.18,239425.0325,1736990131
XXBTZUSD,100731.7,96500,99982.1,2265.998453,1736990131
XDGUSD,0.3877544,0.3483396,0.3785839,96908841.4,1736990131
XXRPZUSD,3.2,2.6753,3.05089,129759899.9,1736990131
ADAUSD,1.088357,0.98617,1.055211,20338308.29,1736990191
DOTUSD,7.1958,6.5596,7.105,343832.9165,1736990191
XETHZUSD,3473.02,3186.61,3406.59,15310.66947,1736990191
LINKUSD,22.14999,20.11,21.81234,261053.3189,1736990191
XLTCZUSD,118.76,100.79,116.49,36402.00936,1736990191
MATICUSD,0.4887,0.4468,0.4827,982062.2488,1736990191
SOLUSD,206.22,185.88,204.17,239288.6591,1736990191
XXBTZUSD,100731.7,96500,100000,2266.232629,1736990191
XDGUSD,0.3877544,0.3483396,0.3785495,97326401.87,1736990191
XXRPZUSD,3.2,2.67978,3.04726,129995715.7,1736990191
ADAUSD,1.088357,0.98617,1.052899,20338314.21,1736990251
DOTUSD,7.1958,6.5596,7.0832,343566.3435,1736990251
XETHZUSD,3473.02,3186.61,3400.61,15303.59735,1736990251
LINKUSD,22.14999,20.11,21.75807,261032.9841,1736990251
XLTCZUSD,118.76,100.79,116.3,36435.42873,1736990251
MATICUSD,0.4887,0.4468,0.4827,982062.2488,1736990251
SOLUSD,206.22,185.88,203.8,239293.3583,1736990251
XXBTZUSD,100731.7,96500,99998.9,2265.641586,1736990251
XDGUSD,0.3877544,0.3483396,0.3774047,97660751.86,1736990251
XXRPZUSD,3.2,2.67978,3.04184,130135262,1736990251
ADAUSD,1.088357,0.98617,1.052601,20342040.73,1736990312
DOTUSD,7.1958,6.5596,7.0832,343566.3435,1736990312
XETHZUSD,3473.02,3186.61,3402.98,15311.68293,1736990312
LINKUSD,22.14999,20.11,21.75,260546.6056,1736990312
XLTCZUSD,118.76,100.79,116.11,36436.96325,1736990312
MATICUSD,0.4887,0.4468,0.4827,982062.2488,1736990312
SOLUSD,206.22,185.88,203.66,239261.922,1736990312
XXBTZUSD,100731.7,96500,99998.9,2265.602326,1736990312
XDGUSD,0.3877544,0.3483396,0.3772041,97629121.22,1736990312
XXRPZUSD,3.2,2.67978,3.03863,130138386.2,1736990312
ADAUSD,1.088357,0.98617,1.052337,20344625.17,1736990372
DOTUSD,7.1958,6.5596,7.0832,343526.8142,1736990372
XETHZUSD,3473.02,3186.61,3402.25,15313.74886,1736990372
LINKUSD,22.14999,20.11,21.73092,260519.1743,1736990372
XLTCZUSD,118.76,100.79,116.23,36877.84927,1736990372
MATICUSD,0.4887,0.4468,0.4827,982062.2488,1736990372
SOLUSD,206.22,185.88,203.8,239261.0416,1736990372
XXBTZUSD,100731.7,96500,99998.8,2265.638545,1736990372
XDGUSD,0.3877544,0.3483396,0.3773268,97630094.18,1736990372
XXRPZUSD,3.2,2.67978,3.04379,130132091.7,1736990372
ADAUSD,1.088357,0.988753,1.051761,20123291.92,1736990432
DOTUSD,7.1958,6.5596,7.0777,343566.1183,1736990432
XETHZUSD,3473.02,3186.61,3401.63,15313.72823,1736990432
LINKUSD,22.14999,20.11,21.77636,260515.1693,1736990432
XLTCZUSD,118.76,100.79,116.27,37173.13491,1736990432
MATICUSD,0.4887,0.4468,0.4803,982073.3552,1736990432
SOLUSD,206.22,185.88,203.48,239255.2898,1736990432
XXBTZUSD,100731.7,96500,99994.1,2264.881679,1736990432
XDGUSD,0.3877544,0.3483396,0.3773755,97621209.72,1736990432
XXRPZUSD,3.2,2.68552,3.03925,130130333.5,1736990432
ADAUSD,1.088357,0.989867,1.048225,20107580.53,1736990578
DOTUSD,7.1958,6.5596,7.0584,343705.6829,1736990578
XETHZUSD,3473.02,3186.61,3394.99,15334.09452,1736990578
LINKUSD,22.14999,20.11,21.73227,260515.5207,1736990578
XLTCZUSD,118.76,100.79,115.86,37288.03195,1736990578
MATICUSD,0.4887,0.4468,0.4803,982073.3552,1736990578
SOLUSD,206.22,185.88,203.4,239233.7405,1736990578
XXBTZUSD,100731.7,96500,99908.1,2264.971074,1736990578
XDGUSD,0.3877544,0.3483396,0.3765172,97957085.29,1736990578
XXRPZUSD,3.2,2.69024,3.03,130194793.9,1736990578
ADAUSD,1.088357,0.991785,1.04872,20082815.2,1736990669
DOTUSD,7.1958,6.5596,7.0699,344728.997,1736990669
XETHZUSD,3473.02,3186.61,3398.37,15338.57344,1736990669
LINKUSD,22.14999,20.11,21.73227,260015.3894,1736990669
XLTCZUSD,118.76,100.79,116.27,37293.03513,1736990669
MATICUSD,0.4887,0.4468,0.4803,982073.3552,1736990669
SOLUSD,206.22,185.88,203.44,239246.7227,1736990669
XXBTZUSD,100731.7,96500,99939.4,2265.867367,1736990669
XDGUSD,0.3877544,0.3483396,0.3770892,98045043.15,1736990669
XXRPZUSD,3.2,2.70003,3.03218,130029719.5,1736990669
ADAUSD,1.088357,0.991785,1.050083,20082836.72,1736990729
DOTUSD,7.1958,6.5596,7.0749,345121.6761,1736990729
XETHZUSD,3473.02,3186.61,3399.09,15340.0837,1736990729
LINKUSD,22.14999,20.11,21.73227,259689.7476,1736990729
XLTCZUSD,118.76,100.79,116.52,37300.30662,1736990729
MATICUSD,0.4887,0.4468,0.4803,982073.3552,1736990729
SOLUSD,206.22,185.88,203.42,239343.4773,1736990729
XXBTZUSD,100731.7,96500,99939.3,2265.778283,1736990729
XDGUSD,0.3877544,0.3483396,0.3769544,98046624.06,1736990729
XXRPZUSD,3.2,2.70449,3.03136,130015436.6,1736990729
ADAUSD,1.088357,0.991785,1.048775,20044134.18,1736990789
DOTUSD,7.1958,6.5596,7.0746,345131.2894,1736990789
XETHZUSD,3473.02,3186.61,3399.1,15338.17756,1736990789
LINKUSD,22.14999,20.11,21.73227,259670.249,1736990789
XLTCZUSD,118.76,100.79,116.35,37304.73636,1736990789
MATICUSD,0.4887,0.4468,0.4803,929947.0174,1736990789
SOLUSD,206.22,185.88,203.26,238986.9011,1736990789
XXBTZUSD,100731.7,96500,99939.8,2265.829088,1736990789
XDGUSD,0.3877544,0.3483396,0.3766349,98060927.63,1736990789
XXRPZUSD,3.2,2.7114,3.02743,129547847.6,1736990789
ADAUSD,1.088357,0.991785,1.048775,20043592.77,1736990849
DOTUSD,7.1958,6.5596,7.0746,345131.2894,1736990849
XETHZUSD,3473.02,3186.61,3399.1,15337.13436,1736990849
LINKUSD,22.14999,20.11,21.80166,259654.573,1736990849
XLTCZUSD,118.76,100.79,116.09,37327.35055,1736990849
MATICUSD,0.4887,0.4468,0.4803,929947.0174,1736990849
SOLUSD,206.22,185.88,203.51,239016.8879,1736990849
XXBTZUSD,100731.7,96500,99900.1,2265.671057,1736990849
XDGUSD,0.3877544,0.3483396,0.3770055,98015974.26,1736990849
XXRPZUSD,3.2,2.7114,3.03159,129516122.8,1736990849
ADAUSD,1.088357,0.991785,1.050806,20035181.72,1736990909
DOTUSD,7.1958,6.5596,7.0746,344845.6963,1736990909
XETHZUSD,3473.02,3186.61,3400.19,15338.85055,1736990909
LINKUSD,22.14999,20.11,21.80166,259650.6122,1736990909
XLTCZUSD,118.76,100.79,116.35,37332.46356,1736990909
MATICUSD,0.4887,0.4468,0.4803,929947.0174,1736990909
SOLUSD,206.22,185.88,203.55,239000.5684,1736990909
XXBTZUSD,100731.7,96500,99900.1,2264.440791,1736990909
XDGUSD,0.3877544,0.3483396,0.377365,98017670.66,1736990909
XXRPZUSD,3.2,2.7114,3.03748,129119670,1736990909
ADAUSD,1.088357,0.991785,1.050806,20031525.29,1736990970
DOTUSD,7.1958,6.5596,7.0738,344749.3881,1736990970
XETHZUSD,3473.02,3186.61,3402.83,15341.16966,1736990970
LINKUSD,22.14999,20.11,21.8592,259656.543,1736990970
XLTCZUSD,118.76,100.79,116.43,37337.68817,1736990970
MATICUSD,0.4887,0.4468,0.4803,929947.0174,1736990970
SOLUSD,206.22,185.88,203.54,238979.6424,1736990970
XXBTZUSD,100731.7,96500,99927.2,2264.625854,1736990970
XDGUSD,0.3877544,0.3483396,0.3769752,98043959.24,1736990970
XXRPZUSD,3.2,2.7114,3.0363,128902919.1,1736990970
ADAUSD,1.088357,0.991785,1.04974,20029147.15,1736991030
DOTUSD,7.1958,6.5596,7.0739,344591.8782,1736991030
XETHZUSD,3473.02,3186.61,3401.06,15347.26902,1736991030
LINKUSD,22.14999,20.11,21.83391,259730.5385,1736991030
XLTCZUSD,118.76,100.79,116.62,37341.84089,1736991030
MATICUSD,0.4887,0.4468,0.4803,929947.0174,1736991030
SOLUSD,206.22,185.88,203.6,238954.6763,1736991030
XXBTZUSD,100731.7,96500,99927.1,2264.785209,1736991030
XDGUSD,0.3877544,0.3483396,0.3767612,98049920.1,1736991030
XXRPZUSD,3.2,2.7114,3.0314,128849298.2,1736991030
ADAUSD,1.088357,0.991785,1.04974,20026682.28,1736991090
DOTUSD,7.1958,6.5596,7.0739,344591.8782,1736991090
XETHZUSD,3473.02,3186.61,3400.99,15366.23552,1736991090
LINKUSD,22.14999,20.11,21.81884,259630.7319,1736991090
XLTCZUSD,118.76,100.79,117.03,37182.49111,1736991090
MATICUSD,0.4887,0.4468,0.4808,930351.3435,1736991090
SOLUSD,206.22,185.88,203.36,239054.5267,1736991090
XXBTZUSD,100731.7,96500,99927.1,2264.494341,1736991090
XDGUSD,0.3877544,0.3483396,0.37636,98058172.84,1736991090
XXRPZUSD,3.2,2.7114,3.02937,128557681.1,1736991090
ADAUSD,1.088357,0.991785,1.047582,19993541.25,1736991150
DOTUSD,7.1958,6.5596,7.0739,344584.0554,1736991150
XETHZUSD,3473.02,3186.61,3399.87,15365.49648,1736991150
LINKUSD,22.14999,20.11,21.79562,259494.4422,1736991150
XLTCZUSD,118.76,100.79,116.76,37178.79496,1736991150
MATICUSD,0.4887,0.4468,0.4808,930351.3435,1736991150
SOLUSD,206.22,185.88,203.42,239068.8536,1736991150
XXBTZUSD,100731.7,96500,99919,2264.538455,1736991150
XDGUSD,0.3877544,0.3483396,0.3760132,98082238.75,1736991150
XXRPZUSD,3.2,2.7114,3.02364,128085796.3,1736991150
ADAUSD,1.088357,0.991785,1.048591,19986917.34,1736991210
DOTUSD,7.1958,6.5596,7.0623,344528.5751,1736991210
XETHZUSD,3473.02,3186.61,3403.11,15367.67849,1736991210
LINKUSD,22.14999,20.11,21.77672,259469.404,1736991210
XLTCZUSD,118.76,100.79,117.01,37184.62886,1736991210
MATICUSD,0.4887,0.4468,0.4804,929492.1656,1736991210
SOLUSD,206.22,185.88,203.47,239131.6909,1736991210
XXBTZUSD,100731.7,96500,99927.1,2262.191881,1736991210
XDGUSD,0.3877544,0.3483396,0.3763318,98082795.3,1736991210
XXRPZUSD,3.2,2.7114,3.02529,127847080.5,1736991210
ADAUSD,1.088357,0.991785,1.049839,19973887.71,1736991271
DOTUSD,7.1958,6.5596,7.0623,344498.1637,1736991271
XETHZUSD,3473.02,3186.61,3403.27,15366.33953,1736991271
LINKUSD,22.14999,20.11,21.77672,259347.4954,1736991271
XLTCZUSD,118.76,100.79,117.37,37200.64356,1736991271
MATICUSD,0.4887,0.4468,0.4804,929465.639,1736991271
SOLUSD,206.22,185.88,203.63,238352.0008,1736991271
XXBTZUSD,100731.7,96500,99999.9,2261.960199,1736991271
XDGUSD,0.3877544,0.3483396,0.3763231,97955282.57,1736991271
XXRPZUSD,3.2,2.7114,3.02987,127707782.1,1736991271
ADAUSD,1.088357,0.991785,1.049838,19769055.04,1736991331
DOTUSD,7.1958,6.5596,7.0632,344323.1909,1736991331
XETHZUSD,3473.02,3186.61,3404.7,15365.09403,1736991331
LINKUSD,22.14999,20.11,21.77672,258826.9672,1736991331
XLTCZUSD,118.76,100.79,117.46,37214.24139,1736991331
MATICUSD,0.4887,0.4468,0.4804,929465.639,1736991331
SOLUSD,206.22,185.88,203.63,238267.5843,1736991331
XXBTZUSD,100731.7,96500,100049.9,2261.925284,1736991331
XDGUSD,0.3877544,0.3483396,0.3763214,97932730.98,1736991331
XXRPZUSD,3.2,2.7114,3.0278,127451627.4,1736991331
ADAUSD,1.088357,0.991785,1.050008,19767948.29,1736991391
DOTUSD,7.1958,6.5596,7.0754,344272.5858,1736991391
XETHZUSD,3473.02,3186.61,3404.35,15444.69457,1736991391
LINKUSD,22.14999,20.11,21.81494,258726.3668,1736991391
XLTCZUSD,118.76,100.79,117.87,37340.42616,1736991391
MATICUSD,0.4887,0.4468,0.481,926401.8737,1736991391
SOLUSD,206.22,185.88,203.53,238285.7905,1736991391
XXBTZUSD,100731.7,96500,100049.9,2261.816413,1736991391
XDGUSD,0.3877544,0.3483396,0.3769137,97933946.51,1736991391
XXRPZUSD,3.2,2.7114,3.02946,127081407.1,1736991391
ADAUSD,1.088357,0.991785,1.04879,19739913.27,1736991451
DOTUSD,7.1958,6.5596,7.0751,344218.0789,1736991451
XETHZUSD,3473.02,3186.61,3402.68,15441.48412,1736991451
LINKUSD,22.14999,20.11,21.81494,258721.8706,1736991451
XLTCZUSD,118.76,100.79,117.99,37514.38307,1736991451
MATICUSD,0.4887,0.4468,0.481,926401.8737,1736991451
SOLUSD,206.22,185.88,203.47,238314.6894,1736991451
XXBTZUSD,100731.7,96500,100048.9,2261.523606,1736991451
XDGUSD,0.3877544,0.3483396,0.3766381,97814196.76,1736991451
XXRPZUSD,3.2,2.7114,3.02008,126377704.7,1736991451
ADAUSD,1.088357,0.991785,1.04906,19739896.54,1736991511
DOTUSD,7.1958,6.5596,7.0751,343993.3341,1736991511
XETHZUSD,3473.02,3186.61,3401.19,15442.9504,1736991511
LINKUSD,22.14999,20.11,21.81494,256356.9247,1736991511
XLTCZUSD,118.76,100.79,118.76,38222.59892,1736991511
MATICUSD,0.4887,0.4468,0.481,925812.2997,1736991511
SOLUSD,206.22,185.88,203.47,237863.9492,1736991511
XXBTZUSD,100731.7,96500,100048.8,2261.540532,1736991511
XDGUSD,0.3877544,0.3483396,0.3766381,97796452.93,1736991511
XXRPZUSD,3.2,2.7114,3.02918,126153819.4,1736991511
ADAUSD,1.088357,0.991785,1.051737,19755780.87,1736991571
DOTUSD,7.1958,6.5596,7.0813,344010.0429,1736991571
XETHZUSD,3473.02,3186.61,3401.2,15431.80393,1736991571
LINKUSD,22.14999,20.11,21.84348,255962.1032,1736991571
XLTCZUSD,118.91,100.79,118.5,39892.21622,1736991571
MATICUSD,0.4887,0.4468,0.481,925253.417,1736991571
SOLUSD,206.22,185.88,203.54,237799.9413,1736991571
XXBTZUSD,100731.7,96500,100070,2260.539526,1736991571
XDGUSD,0.3877544,0.3483396,0.3772278,97797813.04,1736991571
XXRPZUSD,3.2,2.7114,3.04144,126148126.7,1736991571
ADAUSD,1.088357,0.991785,1.050497,19735358.94,1736991632
DOTUSD,7.1958,6.5596,7.085,343874.7291,1736991632
XETHZUSD,3473.02,3186.61,3401.2,15433.26367,1736991632
LINKUSD,22.14999,20.11,21.84348,255658.9168,1736991632
XLTCZUSD,118.91,100.79,118.38,41407.40458,1736991632
MATICUSD,0.4887,0.4468,0.481,925253.417,1736991632
SOLUSD,206.22,185.88,203.61,237465.4971,1736991632
XXBTZUSD,100731.7,96500,100079.3,2261.02214,1736991632
XDGUSD,0.3877544,0.3483396,0.3772577,97796454.36,1736991632
XXRPZUSD,3.2,2.7114,3.03817,126055172.9,1736991632
ADAUSD,1.088357,0.991785,1.050361,19727831.21,1736991692
DOTUSD,7.1958,6.5596,7.085,343835.1827,1736991692
XETHZUSD,3473.02,3186.61,3401.71,15438.499,1736991692
LINKUSD,22.14999,20.11,21.83906,255708.7519,1736991692
XLTCZUSD,118.91,100.79,118.51,41446.04869,1736991692
MATICUSD,0.4887,0.4468,0.4815,925276.4727,1736991692
SOLUSD,206.22,185.88,203.65,236636.2925,1736991692
XXBTZUSD,100731.7,96500,100079.4,2260.587843,1736991692
XDGUSD,0.3877544,0.3483396,0.3770884,97817334.89,1736991692
XXRPZUSD,3.2,2.7114,3.04041,126010500.9,1736991692
ADAUSD,1.088357,0.991785,1.05018,19734977.22,1736991752
DOTUSD,7.1958,6.5596,7.0705,343223.073,1736991752
XETHZUSD,3473.02,3186.61,3401.59,15438.42882,1736991752
LINKUSD,22.14999,20.11,21.79612,255698.5356,1736991752
XLTCZUSD,118.91,100.79,118.44,41446.17375,1736991752
MATICUSD,0.4887,0.4468,0.4815,925248.8907,1736991752
SOLUSD,206.22,185.88,203.62,236645.1674,1736991752
XXBTZUSD,100731.7,96500,100079,2260.232281,1736991752
XDGUSD,0.3877544,0.3483396,0.3768322,97823133.54,1736991752
XXRPZUSD,3.2,2.7114,3.03206,125793685.3,1736991752
ADAUSD,1.088357,0.991785,1.049748,19729532.39,1736991812
DOTUSD,7.1958,6.5596,7.0767,343146.2279,1736991812
XETHZUSD,3473.02,3186.61,3399.65,15426.41942,1736991812
LINKUSD,22.14999,20.11,21.78861,255686.8836,1736991812
XLTCZUSD,118.91,100.79,117.9,41453.57824,1736991812
MATICUSD,0.4887,0.4468,0.4815,923537.379,1736991812
SOLUSD,206.22,185.88,203.54,236530.0711,1736991812
XXBTZUSD,100731.7,96500,100053,2260.170497,1736991812
XDGUSD,0.3877544,0.3483396,0.376645,97816148.43,1736991812
XXRPZUSD,3.2,2.7114,3.03676,125350997.6,1736991812
ADAUSD,1.088357,0.991785,1.0501,19716621.03,1736991872
DOTUSD,7.1958,6.5596,7.0788,343018.2921,1736991872
XETHZUSD,3473.02,3186.61,3400.74,15428.52013,1736991872
LINKUSD,22.14999,20.11,21.78861,255651.9167,1736991872
XLTCZUSD,118.91,100.79,118.05,41492.42254,1736991872
MATICUSD,0.4887,0.4468,0.4815,923537.379,1736991872
SOLUSD,206.22,185.88,203.53,236530.1066,1736991872
XXBTZUSD,100731.7,96500,100052.9,2255.577914,1736991872
XDGUSD,0.3877544,0.3483396,0.3769001,97771398.35,1736991872
XXRPZUSD,3.2,2.7114,3.04316,125335000.6,1736991872
ADAUSD,1.088357,0.991785,1.051449,19713819.15,1736991932
DOTUSD,7.1958,6.5596,7.0788,343018.2921,1736991932
XETHZUSD,3473.02,3186.61,3402,15429.04354,1736991932
LINKUSD,22.14999,20.11,21.81291,255741.8587,1736991932
XLTCZUSD,118.91,100.79,118.21,41496.30304,1736991932
MATICUSD,0.4887,0.4468,0.4815,923537.379,1736991932
SOLUSD,206.22,185.88,203.67,236385.8902,1736991932
XXBTZUSD,100731.7,96500,100079.4,2255.521081,1736991932
XDGUSD,0.3877544,0.3483396,0.3773367,97750647.6,1736991932
XXRPZUSD,3.2,2.7114,3.05023,125224859.1,1736991932
ADAUSD,1.088357,0.991785,1.052164,19695659.31,1736991993
DOTUSD,7.1958,6.5596,7.0788,343018.2921,1736991993
XETHZUSD,3473.02,3186.61,3402.55,15430.08152,1736991993
LINKUSD,22.14999,20.11,21.81291,255651.7746,1736991993
XLTCZUSD,118.91,100.79,118.27,41496.01991,1736991993
MATICUSD,0.4887,0.4468,0.4815,913537.379,1736991993
SOLUSD,206.22,185.88,203.65,236319.3545,1736991993
XXBTZUSD,100731.7,96500,100079.4,2256.193758,1736991993
XDGUSD,0.3877544,0.3483396,0.3773526,97749776.86,1736991993
XXRPZUSD,3.2,2.7114,3.05001,125167903.8,1736991993
ADAUSD,1.088357,0.991785,1.052164,19694976.2,1736992053
DOTUSD,7.1958,6.5596,7.0913,342872.8654,1736992053
XETHZUSD,3473.02,3186.61,3404.53,15420.24443,1736992053
LINKUSD,22.14999,20.11,21.8262,256062.8622,1736992053
XLTCZUSD,118.91,100.79,118.23,41502.67003,1736992053
MATICUSD,0.4887,0.4468,0.4815,913495.0475,1736992053
SOLUSD,206.22,185.88,203.67,235955.0581,1736992053
XXBTZUSD,100731.7,96500,100126.7,2260.135328,1736992053
XDGUSD,0.3877544,0.3483396,0.3779273,97709025.48,1736992053
XXRPZUSD,3.2,2.7114,3.04269,125046200.4,1736992053
ADAUSD,1.088357,0.991785,1.052164,19693594.19,1736992113
DOTUSD,7.1958,6.5596,7.09,342764.067,1736992113
XETHZUSD,3473.02,3186.61,3404.53,15412.44333,1736992113
LINKUSD,22.14999,20.11,21.8262,256034.4911,1736992113
XLTCZUSD,118.91,100.79,117.83,41609.2775,1736992113
MATICUSD,0.4887,0.4468,0.4815,913495.0475,1736992113
SOLUSD,206.22,185.88,203.79,235967.1327,1736992113
XXBTZUSD,100731.7,96500,100132.6,2259.717047,1736992113
XDGUSD,0.3877544,0.3483396,0.3772645,97629290.3,1736992113
XXRPZUSD,3.2,2.7114,3.04341,125020121.9,1736992113
ADAUSD,1.088357,0.991785,1.053172,19689449.31,1736992173
DOTUSD,7.1958,6.5596,7.09,342756.7083,1736992173
XETHZUSD,3473.02,3186.61,3403.25,15401.98553,1736992173
LINKUSD,22.14999,20.11,21.8262,255903.5353,1736992173
XLTCZUSD,118.91,100.79,117.84,41610.88561,1736992173
MATICUSD,0.4887,0.4468,0.4815,913495.0475,1736992173
SOLUSD,206.22,185.88,203.95,236005.8669,1736992173
XXBTZUSD,100731.7,96500,100131.4,2259.668761,1736992173
XDGUSD,0.3877544,0.3483396,0.3778564,97624608.64,1736992173
XXRPZUSD,3.2,2.7114,3.05195,124808999.8,1736992173
ADAUSD,1.088357,0.991785,1.054081,19360596.78,1736992233
DOTUSD,7.1958,6.5596,7.09,342756.7083,1736992233
XETHZUSD,3473.02,3186.61,3404.41,15408.92879,1736992233
LINKUSD,22.14999,20.11,21.8262,255832.0184,1736992233
XLTCZUSD,118.91,100.79,117.88,41918.82286,1736992233
MATICUSD,0.4887,0.4468,0.4815,913495.0475,1736992233
SOLUSD,206.22,185.88,204.01,236216.2519,1736992233
XXBTZUSD,100731.7,96500,100131.1,2259.372475,1736992233
XDGUSD,0.3877544,0.3483396,0.3778324,97640993.69,1736992233
XXRPZUSD,3.2,2.7114,3.05829,124777479.8,1736992233
ADAUSD,1.088357,0.991785,1.053758,19349598.24,1736992293
DOTUSD,7.1958,6.5596,7.09,342756.7083,1736992293
XETHZUSD,3473.02,3186.61,3402.97,15394.52228,1736992293
LINKUSD,22.14999,20.11,21.8262,255757.4632,1736992293
XLTCZUSD,118.91,100.79,118.37,41996.16141,1736992293
MATICUSD,0.4887,0.4468,0.4815,913495.0475,1736992293
SOLUSD,206.22,185.88,204.01,232489.2298,1736992293
XXBTZUSD,100731.7,96500,100103.7,2258.30709,1736992293
XDGUSD,0.3877544,0.3483396,0.3779088,97294144.67,1736992293
XXRPZUSD,3.2,2.7114,3.05392,124781379.4,1736992293
ADAUSD,1.088357,0.991785,1.056036,19347442.34,1736992354
DOTUSD,7.1958,6.5596,7.0995,342769.7311,1736992354
XETHZUSD,3473.02,3186.61,3400.99,15391.77927,1736992354
LINKUSD,22.14999,20.11,21.8262,255730.602,1736992354
XLTCZUSD,118.91,100.79,118.05,42105.85622,1736992354
MATICUSD,0.4887,0.4468,0.4815,913430.3738,1736992354
SOLUSD,206.22,185.88,204.02,232556.5118,1736992354
XXBTZUSD,100731.7,96500,100059.4,2258.931723,1736992354
XDGUSD,0.3877544,0.3483396,0.378,97305014.23,1736992354
XXRPZUSD,3.2,2.7114,3.06323,124683382.4,1736992354
ADAUSD,1.088357,0.991785,1.056447,19345464.18,1736992414
DOTUSD,7.1958,6.5596,7.104,342770.9113,1736992414
XETHZUSD,3473.02,3186.61,3401.99,15384.90896,1736992414
LINKUSD,22.14999,20.11,21.87551,255482.7553,1736992414
XLTCZUSD,118.91,100.79,117.97,42107.56004,1736992414
MATICUSD,0.4887,0.4468,0.4815,911856.4589,1736992414
SOLUSD,206.22,185.88,204.13,232406.377,1736992414
XXBTZUSD,100731.7,96500,100060.4,2258.609602,1736992414
XDGUSD,0.3877544,0.3483396,0.3784072,97355014.39,1736992414
XXRPZUSD,3.2,2.7114,3.0648,124740267.1,1736992414
ADAUSD,1.088357,0.991785,1.057269,19335840.01,1736992474
DOTUSD,7.1958,6.5596,7.1129,343355.0599,1736992474
XETHZUSD,3473.02,3186.61,3402.18,15382.59617,1736992474
LINKUSD,22.14999,20.11,21.89572,255465.8528,1736992474
XLTCZUSD,118.91,100.79,118.47,42108.83059,1736992474
MATICUSD,0.4887,0.4468,0.4815,910746.8889,1736992474
SOLUSD,206.22,185.88,204.2,232319.4056,1736992474
XXBTZUSD,100731.7,96500,100060.3,2258.742252,1736992474
XDGUSD,0.3877544,0.3483396,0.3783706,97339926.67,1736992474
XXRPZUSD,3.2,2.7114,3.06213,124825811.3,1736992474
ADAUSD,1.088357,0.991785,1.058741,19327018.8,1736992534
DOTUSD,7.1958,6.5596,7.1065,343212.4505,1736992534
XETHZUSD,3473.02,3186.61,3402.18,15371.83792,1736992534
LINKUSD,22.14999,20.11,21.92064,255463.9088,1736992534
XLTCZUSD,118.91,100.79,118.71,42118.17888,1736992534
MATICUSD,0.4887,0.4468,0.4815,909251.3676,1736992534
SOLUSD,206.22,185.88,204.2,232155.7638,1736992534
XXBTZUSD,100731.7,96500,100060.4,2256.654842,1736992534
XDGUSD,0.3877544,0.3483396,0.3786804,97279001.73,1736992534
XXRPZUSD,3.2,2.7114,3.07531,124876712.6,1736992534
ADAUSD,1.088357,0.991785,1.059578,19292379.34,1736992594
DOTUSD,7.1958,6.5596,7.1065,343212.4505,1736992594
XETHZUSD,3473.02,3186.61,3402.98,15370.56522,1736992594
LINKUSD,22.14999,20.11,21.92112,255220.2744,1736992594
XLTCZUSD,118.91,100.79,118.81,42133.41866,1736992594
MATICUSD,0.4887,0.4468,0.4815,908220.1607,1736992594
SOLUSD,206.22,185.88,204.32,232153.1925,1736992594
XXBTZUSD,100731.7,96500,100079.1,2260.264072,1736992594
XDGUSD,0.3877544,0.3483396,0.3798757,97496960.1,1736992594
XXRPZUSD,3.2,2.7114,3.08262,124899258.1,1736992594
ADAUSD,1.088357,0.991785,1.059364,19297705.91,1736992654
DOTUSD,7.1958,6.5596,7.1065,343170.9335,1736992654
XETHZUSD,3473.02,3186.61,3403.81,15398.88217,1736992654
LINKUSD,22.14999,20.11,21.9079,255182.1445,1736992654
XLTCZUSD,118.91,100.79,118.8,42131.91015,1736992654
MATICUSD,0.4887,0.4468,0.4815,908101.4298,1736992654
SOLUSD,206.22,185.88,204.11,232183.7389,1736992654
XXBTZUSD,100731.7,96500,100078,2260.454117,1736992654
XDGUSD,0.3877544,0.3483396,0.3791279,97527053.91,1736992654
XXRPZUSD,3.2,2.7114,3.07795,124851287.4,1736992654
ADAUSD,1.088357,0.991785,1.059364,19282536.62,1736992715
DOTUSD,7.1958,6.5596,7.108,343231.4889,1736992715
XETHZUSD,3473.02,3186.61,3403.84,15399.00583,1736992715
LINKUSD,22.14999,20.11,21.9079,255178.5084,1736992715
XLTCZUSD,119.2,100.79,119.13,42181.10738,1736992715
MATICUSD,0.4887,0.4468,0.4815,908101.4298,1736992715
SOLUSD,206.22,185.88,204.22,232185.2496,1736992715
XXBTZUSD,100731.7,96500,100079,2259.366819,1736992715
XDGUSD,0.3877544,0.3483396,0.379402,97533831.95,1736992715
XXRPZUSD,3.2,2.7114,3.08087,124355337.2,1736992715
ADAUSD,1.088357,0.991785,1.057797,19283411.83,1736992775
DOTUSD,7.1958,6.5596,7.1122,343234.2183,1736992775
XETHZUSD,3473.02,3186.61,3403.85,15391.20166,1736992775
LINKUSD,22.14999,20.11,21.90204,254996.2964,1736992775
XLTCZUSD,119.2,100.79,118.78,42181.37781,1736992775
MATICUSD,0.4887,0.4468,0.4817,908112.184,1736992775
SOLUSD,206.22,185.88,204.19,232165.1441,1736992775
XXBTZUSD,100731.7,96500,100089.8,2259.404981,1736992775
XDGUSD,0.3877544,0.3483396,0.3791944,97529208.26,1736992775
XXRPZUSD,3.2,2.7114,3.07765,124214993.6,1736992775
ADAUSD,1.088357,0.991785,1.057797,19283411.83,1736992835
DOTUSD,7.1958,6.5596,7.0996,343083.7742,1736992835
XETHZUSD,3473.02,3186.61,3402.12,15391.07448,1736992835
LINKUSD,22.14999,20.11,21.87985,255352.6454,1736992835
XLTCZUSD,119.2,100.79,118.02,42179.82028,1736992835
MATICUSD,0.4887,0.4468,0.4817,908112.184,1736992835
SOLUSD,206.22,185.88,203.83,232055.2217,1736992835
XXBTZUSD,100731.7,96500,100077.9,2258.408405,1736992835
XDGUSD,0.3877544,0.3483396,0.378641,97562224.9,1736992835
XXRPZUSD,3.2,2.7114,3.06766,123449947.8,1736992835
ADAUSD,1.088357,0.991785,1.054848,19273938.56,1736992895
DOTUSD,7.1958,6.5596,7.0886,343069.4169,1736992895
XETHZUSD,3473.02,3186.61,3402.38,15390.01321,1736992895
LINKUSD,22.14999,20.11,21.87985,255087.942,1736992895
XLTCZUSD,119.2,100.79,117.91,43670.1466,1736992895
MATICUSD,0.4887,0.4468,0.4811,907820.0156,1736992895
SOLUSD,206.22,185.88,203.92,232046.8986,1736992895
XXBTZUSD,100731.7,96500,100085.5,2258.534095,1736992895
XDGUSD,0.3877544,0.3483396,0.3786295,97564017.03,1736992895
XXRPZUSD,3.2,2.7114,3.06419,123488586.4,1736992895
ADAUSD,1.088357,0.991785,1.054121,19272033.31,1736992955
DOTUSD,7.1958,6.5596,7.0886,343069.4169,1736992955
XETHZUSD,3473.02,3186.61,3398.37,15358.14512,1736992955
LINKUSD,22.14999,20.11,21.81491,254601.6196,1736992955
XLTCZUSD,119.2,100.79,117.91,43682.29134,1736992955
MATICUSD,0.4887,0.4468,0.4811,907820.0156,1736992955
SOLUSD,206.22,185.88,203.8,231950.0899,1736992955
XXBTZUSD,100731.7,96500,100076.9,2258.515157,1736992955
XDGUSD,0.3877544,0.3483396,0.3782024,97560130.45,1736992955
XXRPZUSD,3.2,2.7114,3.06266,123449602.6,1736992955
ADAUSD,1.088357,0.991785,1.051226,19270913.97,1736993016
DOTUSD,7.1958,6.5596,7.0637,343660.6291,1736993016
XETHZUSD,3473.02,3186.61,3397.74,15441.59513,1736993016
LINKUSD,22.14999,20.11,21.81491,254591.4115,1736993016
XLTCZUSD,119.2,100.79,117.26,43696.11546,1736993016
MATICUSD,0.4887,0.4468,0.4811,907820.0156,1736993016
SOLUSD,206.22,185.88,203.28,232193.234,1736993016
XXBTZUSD,100731.7,96500,99962.9,2261.287488,1736993016
XDGUSD,0.3877544,0.3483396,0.3772939,97561096.46,1736993016
XXRPZUSD,3.2,2.7114,3.04559,123730071,1736993016
ADAUSD,1.088357,0.991785,1.05161,19267791.28,1736993076
DOTUSD,7.1958,6.5596,7.06,343616.0724,1736993076
XETHZUSD,3473.02,3186.61,3397.48,15454.66428,1736993076
LINKUSD,22.14999,20.11,21.78051,254504.5872,1736993076
XLTCZUSD,119.2,100.79,117.26,43677.51514,1736993076
MATICUSD,0.4887,0.4468,0.48,935755.8011,1736993076
SOLUSD,206.22,185.88,203.28,232190.3802,1736993076
XXBTZUSD,100731.7,96500,99976.8,2261.421003,1736993076
XDGUSD,0.3877544,0.3483396,0.3770932,97538813.98,1736993076
XXRPZUSD,3.2,2.7114,3.04955,123252218.6,1736993076
ADAUSD,1.088357,0.991785,1.05304,19217962.72,1736993136
DOTUSD,7.1958,6.5596,7.06,343600.3246,1736993136
XETHZUSD,3473.02,3186.61,3401.37,15455.03887,1736993136
LINKUSD,22.14999,20.11,21.78051,252609.4725,1736993136
XLTCZUSD,119.2,100.79,116.88,43986.84684,1736993136
MATICUSD,0.4887,0.4468,0.4802,936231.3137,1736993136
SOLUSD,206.22,185.88,203.39,232221.4309,1736993136
XXBTZUSD,100731.7,96500,99999.9,2261.825594,1736993136
XDGUSD,0.3877544,0.3483396,0.3776258,97297176.3,1736993136
XXRPZUSD,3.2,2.7114,3.052,122776906.6,1736993136
ADAUSD,1.088357,0.991785,1.055154,19203397.21,1736993196
DOTUSD,7.1958,6.5596,7.06,343557.5662,1736993196
XETHZUSD,3473.02,3186.61,3400.78,15444.908,1736993196
LINKUSD,22.14999,20.11,21.83964,252621.3159,1736993196
XLTCZUSD,119.2,100.79,116.89,44006.57444,1736993196
MATICUSD,0.4887,0.4468,0.4802,935373.1067,1736993196
SOLUSD,206.22,185.88,203.17,232188.407,1736993196
XXBTZUSD,100731.7,96500,100059.1,2261.735152,1736993196
XDGUSD,0.3877544,0.3483396,0.3780603,96763504.76,1736993196
XXRPZUSD,3.2,2.7114,3.06101,122633016.1,1736993196
ADAUSD,1.088357,0.991785,1.055154,19198516.22,1736993256
DOTUSD,7.1958,6.5596,7.0902,343563.7091,1736993256
XETHZUSD,3473.02,3186.61,3401.38,15445.08551,1736993256
LINKUSD,22.14999,20.11,21.83964,252579.067,1736993256
XLTCZUSD,119.2,100.79,116.79,44037.23798,1736993256
MATICUSD,0.4887,0.4468,0.4802,935155.3367,1736993256
SOLUSD,206.22,185.88,203.04,233105.2846,1736993256
XXBTZUSD,100731.7,96500,100059.1,2261.727942,1736993256
XDGUSD,0.3877544,0.3483396,0.3780602,96621266.94,1736993256
XXRPZUSD,3.2,2.7114,3.06621,122480456.2,1736993256
ADAUSD,1.088357,0.991785,1.054244,19177533.13,1736993317
DOTUSD,7.1958,6.5596,7.0963,343528.0211,1736993317
XETHZUSD,3473.02,3186.61,3401.38,15442.22359,1736993317
LINKUSD,22.14999,20.11,21.83964,252315.6791,1736993317
XLTCZUSD,119.2,100.79,117.04,44271.67725,1736993317
MATICUSD,0.4887,0.4468,0.4802,935046.3092,1736993317
SOLUSD,206.22,185.88,203.05,233100.1262,1736993317
XXBTZUSD,100731.7,96500,100059.1,2261.582811,1736993317
XDGUSD,0.3877544,0.3483396,0.3780602,96416716.34,1736993317
XXRPZUSD,3.2,2.7114,3.06757,122430162.2,1736993317
ADAUSD,1.088357,0.991785,1.053465,19173716.73,1736993377
DOTUSD,7.1958,6.5596,7.0963,343245.0023,1736993377
XETHZUSD,3473.02,3186.61,3401.39,15442.05867,1736993377
LINKUSD,22.14999,20.11,21.83964,252255.2638,1736993377
XLTCZUSD,119.2,100.79,116.92,44275.8836,1736993377
MATICUSD,0.4887,0.4468,0.4802,935013.1685,1736993377
SOLUSD,206.22,185.88,202.75,233266.2321,1736993377
XXBTZUSD,100731.7,96500,100059.1,2256.540089,1736993377
XDGUSD,0.3877544,0.3483396,0.3780602,96365501.44,1736993377
XXRPZUSD,3.2,2.7114,3.06565,122283457.5,1736993377
ADAUSD,1.088357,0.991785,1.056325,19170533.95,1736993437
DOTUSD,7.1958,6.5596,7.0963,342317.3112,1736993437
XETHZUSD,3473.02,3186.61,3401.99,15441.17965,1736993437
LINKUSD,22.14999,20.11,21.83809,251970.4896,1736993437
XLTCZUSD,119.2,100.79,117.4,44289.57451,1736993437
MATICUSD,0.4887,0.4468,0.4808,935373.1685,1736993437
SOLUSD,206.22,185.88,202.93,233277.6607,1736993437
XXBTZUSD,100731.7,96500,100059.1,2256.871974,1736993437
XDGUSD,0.3877544,0.3483396,0.3785117,96394085.95,1736993437
XXRPZUSD,3.2,2.7114,3.075,122278689.1,1736993437
ADAUSD,1.088357,0.991785,1.056325,19165895.52,1736993497
DOTUSD,7.1958,6.5596,7.0963,342032.7869,1736993497
XETHZUSD,3473.02,3186.61,3402.36,15436.28843,1736993497
LINKUSD,22.14999,20.11,21.83288,251949.6322,1736993497
XLTCZUSD,119.2,100.79,116.93,44537.03067,1736993497
MATICUSD,0.4887,0.4468,0.4803,935463.2788,1736993497
SOLUSD,206.22,185.88,202.86,233213.7559,1736993497
XXBTZUSD,100731.7,96500,100014.9,2256.612845,1736993497
XDGUSD,0.3877544,0.3483396,0.3785117,96392539.34,1736993497
XXRPZUSD,3.2,2.7114,3.07291,122336155.2,1736993497
ADAUSD,1.088357,0.991785,1.057127,19166082.01,1736993557
DOTUSD,7.1958,6.5596,7.0963,341988.0061,1736993557
XETHZUSD,3473.02,3186.61,3402.36,15433.63803,1736993557
LINKUSD,22.14999,20.11,21.81372,252037.3729,1736993557
XLTCZUSD,119.2,100.79,117.2,44513.1701,1736993557
MATICUSD,0.4887,0.4468,0.4808,935982.9213,1736993557
SOLUSD,206.22,185.88,202.9,233295.5922,1736993557
XXBTZUSD,100731.7,96500,100022.6,2255.66049,1736993557
XDGUSD,0.3877544,0.3483396,0.3785405,96143562.23,1736993557
XXRPZUSD,3.2,2.7114,3.08422,122394607.8,1736993557
ADAUSD,1.088357,0.991785,1.057387,19148262.41,1736993617
DOTUSD,7.1958,6.5596,7.102,341713.6611,1736993617
XETHZUSD,3473.02,3186.61,3402.49,15433.99424,1736993617
LINKUSD,22.14999,20.11,21.82388,252103.5386,1736993617
XLTCZUSD,119.2,100.79,117.38,44513.42544,1736993617
MATICUSD,0.4887,0.4468,0.4808,935982.9213,1736993617
SOLUSD,206.22,185.88,203.06,233390.9506,1736993617
XXBTZUSD,100731.7,96500,100059.1,2255.754679,1736993617
XDGUSD,0.3877544,0.3483396,0.3785405,96112221.02,1736993617
XXRPZUSD,3.2,2.7114,3.07603,122386392,1736993617
ADAUSD,1.088357,0.991785,1.057388,19147320.64,1736993678
DOTUSD,7.1958,6.5596,7.102,341423.7836,1736993678
XETHZUSD,3473.02,3186.61,3403.36,15434.30855,1736993678
LINKUSD,22.14999,20.11,21.83031,251791.7513,1736993678
XLTCZUSD,119.2,100.79,117.26,44504.967,1736993678
MATICUSD,0.4887,0.4468,0.4808,935982.9213,1736993678
SOLUSD,206.22,185.88,203.07,233389.4125,1736993678
XXBTZUSD,100731.7,96500,100059.1,2256.838302,1736993678
XDGUSD,0.3877544,0.3483396,0.3786154,96107129.91,1736993678
XXRPZUSD,3.2,2.7114,3.07125,122362637.9,1736993678
ADAUSD,1.088357,0.991785,1.055155,19147463.81,1736993738
DOTUSD,7.1958,6.5596,7.102,341423.7836,1736993738
XETHZUSD,3473.02,3186.61,3403.46,15427.32504,1736993738
LINKUSD,22.14999,20.11,21.82388,251823.0497,1736993738
XLTCZUSD,119.2,100.79,117.47,44519.09576,1736993738
MATICUSD,0.4887,0.4468,0.4808,935982.9213,1736993738
SOLUSD,206.22,185.88,203.06,233392.2273,1736993738
XXBTZUSD,100731.7,96500,100022.5,2256.867618,1736993738
XDGUSD,0.3877544,0.3483396,0.3783555,96112733.04,1736993738
XXRPZUSD,3.2,2.7114,3.06245,122360246.9,1736993738
ADAUSD,1.088357,0.991785,1.055473,19147825.27,1736993798
DOTUSD,7.1958,6.5596,7.0906,341198.5659,1736993798
XETHZUSD,3473.02,3186.61,3399.59,15429.47949,1736993798
LINKUSD,22.14999,20.11,21.82388,251820.7826,1736993798
XLTCZUSD,119.2,100.79,117.7,44822.91733,1736993798
MATICUSD,0.4887,0.4468,0.4801,929720.3707,1736993798
SOLUSD,206.22,185.88,202.86,233884.3051,1736993798
XXBTZUSD,100731.7,96500,99958.8,2256.312185,1736993798
XDGUSD,0.3877544,0.3483396,0.3780602,96113404.81,1736993798
XXRPZUSD,3.2,2.7114,3.05264,122339336.4,1736993798
ADAUSD,1.088357,0.991785,1.054797,19144582.55,1736993858
DOTUSD,7.1958,6.5596,7.0885,341681.2546,1736993858
XETHZUSD,3473.02,3186.61,3398.98,15428.79986,1736993858
LINKUSD,22.14999,20.11,21.8023,251783.8645,1736993858
XLTCZUSD,119.2,100.79,117.79,44825.76267,1736993858
MATICUSD,0.4887,0.4468,0.4801,929699.1725,1736993858
SOLUSD,206.22,185.88,202.96,234034.2525,1736993858
XXBTZUSD,100731.7,96500,99936.3,2255.25703,1736993858
XDGUSD,0.3877544,0.3483396,0.3777653,96106156.8,1736993858
XXRPZUSD,3.2,2.7114,3.05503,122288078.6,1736993858
ADAUSD,1.088357,0.991785,1.054526,19140817.87,1736993918
DOTUSD,7.1958,6.5596,7.088,341715.4213,1736993918
XETHZUSD,3473.02,3186.61,3395.8,15484.65536,1736993918
LINKUSD,22.14999,20.11,21.75598,251977.0903,1736993918
XLTCZUSD,119.2,100.79,117.62,44828.53817,1736993918
MATICUSD,0.4887,0.4468,0.4796,930220.2773,1736993918
SOLUSD,206.22,185.88,203.03,239053.3085,1736993918
XXBTZUSD,100731.7,96500,99936.1,2254.270376,1736993918
XDGUSD,0.3877544,0.3483396,0.3775961,96088958.74,1736993918
XXRPZUSD,3.2,2.7114,3.0557,122232018.1,1736993918
ADAUSD,1.088357,0.991785,1.054526,19141671.74,1736993978
DOTUSD,7.1958,6.5596,7.075,341439.9596,1736993978
XETHZUSD,3473.02,3186.61,3395.16,15483.74975,1736993978
LINKUSD,22.14999,20.11,21.75598,251977.0903,1736993978
XLTCZUSD,119.2,100.79,117.57,44831.69489,1736993978
MATICUSD,0.4887,0.4468,0.4796,930220.2773,1736993978
SOLUSD,206.22,185.88,202.86,238973.4328,1736993978
XXBTZUSD,100731.7,96500,99936.1,2254.279036,1736993978
XDGUSD,0.3877544,0.3483396,0.3773352,96076336.04,1736993978
XXRPZUSD,3.2,2.7114,3.04598,122652776,1736993978
ADAUSD,1.088357,0.991785,1.053685,19126242.54,1736994038
DOTUSD,7.1958,6.5596,7.0745,342816.1463,1736994038
XETHZUSD,3473.02,3186.61,3394.99,15488.92736,1736994038
LINKUSD,22.14999,20.11,21.75598,251927.83,1736994038
XLTCZUSD,119.2,100.79,117.79,44824.62726,1736994038
MATICUSD,0.4887,0.4468,0.4796,930220.2773,1736994038
SOLUSD,206.22,185.88,202.87,238975.3586,1736994038
XXBTZUSD,100731.7,96500,99936,2282.783602,1736994038
XDGUSD,0.3877544,0.3483396,0.3774122,96030387.95,1736994038
XXRPZUSD,3.2,2.7114,3.05352,122578206,1736994038
ADAUSD,1.088357,0.991785,1.0551,19134161.67,1736994099
DOTUSD,7.1958,6.5596,7.097,342597.0344,1736994099
XETHZUSD,3473.02,3186.61,3394.98,15482.78542,1736994099
LINKUSD,22.14999,20.11,21.75028,251990.455,1736994099
XLTCZUSD,119.2,100.79,118.12,43914.28611,1736994099
MATICUSD,0.4887,0.4468,0.4804,931260.9683,1736994099
SOLUSD,206.22,185.88,203,238894.622,1736994099
XXBTZUSD,100731.7,96500,99936.1,2282.925517,1736994099
XDGUSD,0.3877544,0.3483396,0.377421,96032848.9,1736994099
XXRPZUSD,3.2,2.7114,3.05905,122515519.4,1736994099
ADAUSD,1.088357,0.991785,1.055099,19203909.63,1736994159
DOTUSD,7.1958,6.5596,7.097,342462.4584,1736994159
XETHZUSD,3473.02,3186.61,3391.93,15481.18662,1736994159
LINKUSD,22.14999,20.11,21.75028,251695.9744,1736994159
XLTCZUSD,119.2,100.79,118.16,43912.67117,1736994159
MATICUSD,0.4887,0.4468,0.4805,931743.2579,1736994159
SOLUSD,206.22,185.88,203.02,238840.7995,1736994159
XXBTZUSD,100731.7,96500,99927.2,2277.031935,1736994159
XDGUSD,0.3877544,0.3483396,0.3771674,96047352.4,1736994159
XXRPZUSD,3.2,2.7114,3.05341,122499058.1,1736994159
ADAUSD,1.088357,0.991785,1.054275,19199645.85,1736994219
DOTUSD,7.1958,6.5596,7.097,342443.7079,1736994219
XETHZUSD,3473.02,3186.61,3392.38,15468.14691,1736994219
LINKUSD,22.14999,20.11,21.74714,251696.9331,1736994219
XLTCZUSD,119.2,100.79,117.45,44099.96722,1736994219
MATICUSD,0.4887,0.4468,0.4798,931747.5841,1736994219
SOLUSD,206.22,185.88,203.01,238777.8293,1736994219
XXBTZUSD,100731.7,96500,99927.1,2277.020778,1736994219
XDGUSD,0.3877544,0.3483396,0.3768901,95905257.19,1736994219
XXRPZUSD,3.2,2.7114,3.047,122509106.2,1736994219
