Pair,High,Low,Last Price,Volume,Timestamp
ADAUSD,1.074582,0.951005,0.998831,27284287.14645673,1737465670.7397027
DOTUSD,6.64470,6.15090,6.57030,565538.35939269,1737465670.7397056
XETHZUSD,3383.08000,3202.14000,3303.87000,27034.63988615,1737465670.739707
LINKUSD,26.476350,23.674270,25.868810,575200.02429830,1737465670.7397082
XLTCZUSD,125.03000,113.10000,121.82000,61230.72893521,1737465670.7397091
MATICUSD,0.462900,0.428000,0.454200,971200.82905188,1737465670.7397108
SOLUSD,258.77000,230.15000,242.60000,594786.69000731,1737465670.7397118
XXBTZUSD,107900.00000,100114.20000,104706.50000,4088.20831605,1737465670.7397141
XDGUSD,0.401425600,0.335255400,0.376229400,193189036.47640194,1737465670.739715
XXRPZUSD,3.36250000,3.00000000,3.13635000,67340175.54713506,1737465670.7397156
ADAUSD,1.074582,0.951005,0.999720,27284321.88973566,1737465730.9603155
DOTUSD,6.64470,6.15090,6.57270,565679.91095617,1737465730.9603188
XETHZUSD,3383.08000,3202.14000,3305.39000,27336.04300581,1737465730.96032
LINKUSD,26.476350,23.674270,25.958130,573080.70917849,1737465730.9603267
XLTCZUSD,125.03000,113.10000,122.26000,61238.63644164,1737465730.960328
MATICUSD,0.462900,0.428000,0.453700,971596.46346048,1737465730.96033
SOLUSD,258.77000,230.15000,243.84000,595716.74323594,1737465730.960331
XXBTZUSD,107900.00000,100114.20000,104850.80000,4088.06438786,1737465730.9603324
XDGUSD,0.401425600,0.335255400,0.375000000,193284534.22473984,1737465730.9603336
XXRPZUSD,3.36250000,3.00000000,3.14265000,67420513.94180075,1737465730.9603345
ADAUSD,1.074582,0.951005,0.998347,27284341.26229504,1737465791.155448
DOTUSD,6.64470,6.15090,6.56780,565850.10198824,1737465791.1554508
XETHZUSD,3383.08000,3202.14000,3304.39000,27321.05762334,1737465791.155452
LINKUSD,26.476350,23.674270,25.973580,572503.68683624,1737465791.1554527
XLTCZUSD,125.03000,113.10000,122.25000,61268.73863226,1737465791.1554534
MATICUSD,0.462900,0.428000,0.453700,971538.11870547,1737465791.1554544
SOLUSD,258.77000,230.15000,242.99000,595703.73806693,1737465791.1554554
XXBTZUSD,107900.00000,100114.20000,104779.20000,4090.68268682,1737465791.1554565
XDGUSD,0.401425600,0.335255400,0.373050600,193972099.40422196,1737465791.1554575
XXRPZUSD,3.36250000,3.00000000,3.13509000,67391362.99516761,1737465791.1554585
ADAUSD,1.074582,0.951005,0.998347,27281002.47861296,1737465851.3702781
DOTUSD,6.64470,6.15090,6.56780,565850.10198824,1737465851.370282
XETHZUSD,3383.08000,3202.14000,3304.38000,27315.30497156,1737465851.3702836
LINKUSD,26.476350,23.674270,25.994180,571550.22558384,1737465851.370285
XLTCZUSD,125.03000,113.10000,122.23000,61272.81210617,1737465851.3702862
MATICUSD,0.462900,0.428000,0.453700,971538.11870547,1737465851.3702877
SOLUSD,258.77000,230.15000,242.51000,595494.15235767,1737465851.3702898
XXBTZUSD,107900.00000,100114.20000,104650.30000,4090.42211327,1737465851.370292
XDGUSD,0.401425600,0.335255400,0.373226000,195246991.24598068,1737465851.3702939
XXRPZUSD,3.36250000,3.00000000,3.13311000,67392237.46562317,1737465851.3702955
ADAUSD,1.074582,0.951005,0.999007,27280463.09512682,1737465911.7470167
DOTUSD,6.64470,6.15090,6.56190,565854.74950064,1737465911.7470198
XETHZUSD,3383.08000,3202.14000,3302.89000,27307.47743202,1737465911.7470205
LINKUSD,26.476350,23.674270,26.001100,571073.52452605,1737465911.747022
XLTCZUSD,125.03000,113.10000,122.17000,61270.39872954,1737465911.747023
MATICUSD,0.462900,0.428000,0.453900,955194.90314891,1737465911.7470245
SOLUSD,258.77000,230.15000,242.81000,595061.36070994,1737465911.7470255
XXBTZUSD,107900.00000,100114.20000,104616.50000,4091.66495626,1737465911.7470264
XDGUSD,0.401425600,0.335255400,0.373892200,195237848.78832157,1737465911.7470274
XXRPZUSD,3.36250000,3.00000000,3.13240000,67327282.24587538,1737465911.747028
ADAUSD,1.074582,0.951005,0.999007,27278998.40261395,1737465972.1399522
DOTUSD,6.64470,6.15090,6.56130,565831.39965934,1737465972.139955
XETHZUSD,3383.08000,3202.14000,3301.45000,27293.28799787,1737465972.139956
LINKUSD,26.476350,23.674270,26.070110,572442.50592898,1737465972.1399572
XLTCZUSD,125.03000,113.10000,121.84000,61266.74170238,1737465972.139958
MATICUSD,0.462900,0.428000,0.453900,955194.90314891,1737465972.1399596
SOLUSD,258.77000,230.15000,242.88000,594777.41662813,1737465972.1399605
XXBTZUSD,107900.00000,100114.20000,104585.90000,4088.29583920,1737465972.1399622
XDGUSD,0.401425600,0.335255400,0.373043200,195426576.93469604,1737465972.1399632
XXRPZUSD,3.36250000,3.00000000,3.13094000,67290500.00074013,1737465972.1399646
ADAUSD,1.074582,0.951005,0.994623,27272111.61248787,1737466032.3454573
DOTUSD,6.64470,6.15090,6.56130,564011.43355755,1737466032.34546
XETHZUSD,3383.08000,3202.14000,3296.75000,27257.49261520,1737466032.345461
LINKUSD,26.476350,23.674270,25.975400,571914.48336491,1737466032.3454618
XLTCZUSD,125.03000,113.10000,121.39000,61266.26330726,1737466032.3454628
MATICUSD,0.462900,0.428000,0.453900,955194.90314891,1737466032.3454635
SOLUSD,258.77000,230.15000,241.90000,594532.39875586,1737466032.3454642
XXBTZUSD,107900.00000,100114.20000,104413.20000,4085.87389772,1737466032.3454652
XDGUSD,0.401425600,0.335255400,0.368000100,196412197.33005028,1737466032.345466
XXRPZUSD,3.36250000,3.00000000,3.12192000,67539104.10947499,1737466032.345467
ADAUSD,1.074582,0.951005,0.993531,27273649.19584769,1737466092.5619147
DOTUSD,6.64470,6.15090,6.52980,563592.14994942,1737466092.5619233
XETHZUSD,3383.08000,3202.14000,3295.93000,27256.46997687,1737466092.561925
LINKUSD,26.476350,23.674270,25.975400,571299.69461018,1737466092.561926
XLTCZUSD,125.03000,113.10000,121.11000,61327.20945697,1737466092.561927
MATICUSD,0.462900,0.428000,0.453900,955151.50445610,1737466092.5619287
SOLUSD,258.77000,230.15000,241.69000,594651.86206092,1737466092.56193
XXBTZUSD,107900.00000,100114.20000,104464.50000,4086.13852616,1737466092.5619318
XDGUSD,0.401425600,0.335255400,0.369066900,197098554.88687554,1737466092.561933
XXRPZUSD,3.36250000,3.00000000,3.12072000,67533193.69854980,1737466092.561934
ADAUSD,1.074582,0.951005,0.995055,27273870.42047399,1737466152.751331
DOTUSD,6.64470,6.15090,6.53610,563600.60195420,1737466152.751338
XETHZUSD,3383.08000,3202.14000,3296.85000,27428.11141798,1737466152.7513387
LINKUSD,26.476350,23.674270,25.976960,571143.36144173,1737466152.7513402
XLTCZUSD,125.03000,113.10000,121.47000,61329.68017880,1737466152.7513413
MATICUSD,0.462900,0.428000,0.453600,955256.95699473,1737466152.7513423
SOLUSD,258.77000,230.15000,242.35000,596085.58762179,1737466152.7513433
XXBTZUSD,107900.00000,100114.20000,104500.00000,4085.45734436,1737466152.751344
XDGUSD,0.401425600,0.335255400,0.371120800,197150567.54845346,1737466152.751345
XXRPZUSD,3.36250000,3.00000000,3.12524000,67523306.84684466,1737466152.7513459
ADAUSD,1.074582,0.951005,0.994676,27253108.85360695,1737466213.1333957
DOTUSD,6.64470,6.15090,6.53610,563478.82514130,1737466213.1333988
XETHZUSD,3383.08000,3202.14000,3296.85000,27370.41929443,1737466213.1334002
LINKUSD,26.476350,23.674270,25.910980,570459.83975041,1737466213.1334019
XLTCZUSD,125.03000,113.10000,121.22000,61329.32782141,1737466213.133403
MATICUSD,0.462900,0.428000,0.453600,955256.95699473,1737466213.133405
SOLUSD,258.77000,230.15000,241.41000,596226.39687148,1737466213.133406
XXBTZUSD,107900.00000,100114.20000,104476.10000,4084.45933885,1737466213.133407
XDGUSD,0.401425600,0.335255400,0.369758400,197194196.56842855,1737466213.1334128
XXRPZUSD,3.36250000,3.00000000,3.12298000,67515582.72843449,1737466213.133414
ADAUSD,1.074582,0.951005,0.992522,27241424.68887844,1737466273.5826392
DOTUSD,6.64470,6.15090,6.52010,563544.06027204,1737466273.5826416
XETHZUSD,3383.08000,3202.14000,3292.14000,27362.49636839,1737466273.5826423
LINKUSD,26.476350,23.674270,25.861970,566693.15082305,1737466273.5826437
XLTCZUSD,125.03000,113.10000,121.23000,61329.16037456,1737466273.5826454
MATICUSD,0.462900,0.428000,0.453200,955272.01877760,1737466273.5826466
SOLUSD,258.77000,230.15000,239.65000,596556.57792703,1737466273.5826478
XXBTZUSD,107900.00000,100114.20000,104377.30000,4086.04123123,1737466273.5826485
XDGUSD,0.401425600,0.335255400,0.369642500,197106752.45503284,1737466273.5826497
XXRPZUSD,3.36250000,3.00000000,3.11988000,67507366.06115980,1737466273.582651
ADAUSD,1.074582,0.951005,0.994804,27244143.48105575,1737466333.8022695
DOTUSD,6.64470,6.15090,6.52820,562695.68477697,1737466333.8022728
XETHZUSD,3383.08000,3202.14000,3294.29000,27356.92155979,1737466333.8022738
LINKUSD,26.476350,23.674270,25.829980,566262.96550439,1737466333.8022745
XLTCZUSD,125.03000,113.10000,121.70000,61330.51936878,1737466333.8022757
MATICUSD,0.462900,0.428000,0.453100,954000.87548610,1737466333.8022773
SOLUSD,258.77000,230.15000,240.30000,596423.98331733,1737466333.8022788
XXBTZUSD,107900.00000,100114.20000,104461.00000,4076.97189165,1737466333.8022797
XDGUSD,0.401425600,0.335255400,0.371023500,198111842.23275462,1737466333.8022804
XXRPZUSD,3.36250000,3.00000000,3.12703000,67490217.96189798,1737466333.8022814
ADAUSD,1.074582,0.951005,0.994805,27229767.86725871,1737466393.9799902
DOTUSD,6.64470,6.15090,6.53610,562978.30754294,1737466393.9799936
XETHZUSD,3383.08000,3202.14000,3294.29000,27343.64020100,1737466393.9799953
LINKUSD,26.476350,23.674270,25.768000,566967.90399903,1737466393.979997
XLTCZUSD,125.03000,113.10000,121.78000,61298.28161360,1737466393.9799988
MATICUSD,0.462900,0.428000,0.453200,955055.71891077,1737466393.9800005
SOLUSD,258.77000,230.15000,240.16000,596341.92189442,1737466393.9800022
XXBTZUSD,107900.00000,100114.20000,104478.00000,4076.55320811,1737466393.9800038
XDGUSD,0.401425600,0.335255400,0.370517700,198289836.17817806,1737466393.9800053
XXRPZUSD,3.36250000,3.00000000,3.12660000,67481530.06175911,1737466393.980007
ADAUSD,1.074582,0.951005,0.994109,27229752.83193316,1737466454.2437184
DOTUSD,6.64470,6.15090,6.53180,562956.02941666,1737466454.2437212
XETHZUSD,3383.08000,3202.14000,3293.16000,27347.18416221,1737466454.2437222
LINKUSD,26.476350,23.674270,25.753320,564852.02312438,1737466454.2437232
XLTCZUSD,125.03000,113.10000,121.79000,61298.11708080,1737466454.243724
MATICUSD,0.462900,0.428000,0.453200,954420.87391077,1737466454.2437253
SOLUSD,258.77000,230.15000,240.20000,596394.03697796,1737466454.243726
XXBTZUSD,107900.00000,100114.20000,104538.00000,4076.49080761,1737466454.2437274
XDGUSD,0.401425600,0.335255400,0.369759500,198354390.16578757,1737466454.2437284
XXRPZUSD,3.36250000,3.00000000,3.13052000,67513580.46563030,1737466454.2437294
ADAUSD,1.074582,0.951005,0.996234,27211297.78024130,1737466514.438792
DOTUSD,6.64470,6.15090,6.53750,562874.13595613,1737466514.4387946
XETHZUSD,3383.08000,3202.14000,3294.29000,27340.78408004,1737466514.4387953
LINKUSD,26.476350,23.674270,25.720130,565324.50487427,1737466514.4387963
XLTCZUSD,125.03000,113.10000,121.79000,61291.03381207,1737466514.438797
MATICUSD,0.462900,0.428000,0.453600,953726.10795590,1737466514.4387982
SOLUSD,258.77000,230.15000,240.77000,596221.20507045,1737466514.4387994
XXBTZUSD,107900.00000,100114.20000,104552.00000,4075.67603350,1737466514.4388
XDGUSD,0.401425600,0.335255400,0.370034300,198356799.44073713,1737466514.438801
XXRPZUSD,3.36250000,3.00000000,3.13200000,67450487.40362579,1737466514.438802
ADAUSD,1.074582,0.951005,0.996984,27212363.99072141,1737466574.822758
DOTUSD,6.64470,6.15090,6.54570,562955.72201989,1737466574.8227623
XETHZUSD,3383.08000,3202.14000,3295.22000,27290.30683089,1737466574.8227637
LINKUSD,26.476350,23.674270,25.745130,564990.12953113,1737466574.822765
XLTCZUSD,125.03000,113.10000,121.78000,61295.02762233,1737466574.822767
MATICUSD,0.462900,0.428000,0.453500,953848.35941035,1737466574.8227692
SOLUSD,258.77000,230.15000,240.64000,596045.71333562,1737466574.8227713
XXBTZUSD,107900.00000,100114.20000,104551.50000,4075.90113470,1737466574.8227727
XDGUSD,0.401425600,0.335255400,0.370088700,198350023.73459616,1737466574.822775
XXRPZUSD,3.36250000,3.00000000,3.13110000,67399015.50669803,1737466574.8227768
ADAUSD,1.074582,0.951005,0.996600,27211995.11253553,1737466635.1049871
DOTUSD,6.64470,6.15090,6.54570,562916.52500854,1737466635.1049905
XETHZUSD,3383.08000,3202.14000,3293.71000,27285.10070464,1737466635.1049922
LINKUSD,26.476350,23.674270,25.761140,562871.39202987,1737466635.104994
XLTCZUSD,125.03000,113.10000,121.48000,61301.68769072,1737466635.1049953
MATICUSD,0.461500,0.428000,0.453500,953701.69875752,1737466635.1049967
SOLUSD,258.77000,230.15000,240.69000,595712.93019886,1737466635.1049986
XXBTZUSD,107900.00000,100114.20000,104600.00000,4075.76573564,1737466635.1049998
XDGUSD,0.401425600,0.335255400,0.369413500,198264339.21301487,1737466635.105001
XXRPZUSD,3.36250000,3.00000000,3.12759000,67388065.90801008,1737466635.1050024
ADAUSD,1.074582,0.951005,0.994186,27167828.79160958,1737466695.2966514
DOTUSD,6.64470,6.15090,6.53470,562857.45280970,1737466695.2966595
XETHZUSD,3383.08000,3202.14000,3298.41000,27405.74488634,1737466695.2966607
LINKUSD,26.476350,23.674270,25.732760,562827.35387562,1737466695.2966616
XLTCZUSD,125.03000,113.10000,121.13000,61384.60195966,1737466695.2966628
MATICUSD,0.461500,0.428000,0.453500,953593.53927752,1737466695.2966638
SOLUSD,258.77000,230.15000,240.32000,595328.96562675,1737466695.2966647
XXBTZUSD,107900.00000,100114.20000,104513.80000,4076.29926453,1737466695.2966657
XDGUSD,0.401425600,0.335255400,0.368434500,200963217.25566251,1737466695.2966666
XXRPZUSD,3.36250000,3.00000000,3.12201000,67382956.41058596,1737466695.2966676
ADAUSD,1.074582,0.951005,0.995242,27118501.45880247,1737466755.498559
DOTUSD,6.64470,6.15090,6.53470,562850.23235125,1737466755.4985616
XETHZUSD,3383.08000,3202.14000,3298.99000,27403.37624201,1737466755.4985623
LINKUSD,26.476350,23.674270,25.790360,563125.25194117,1737466755.4985633
XLTCZUSD,125.03000,113.10000,121.36000,61359.85729102,1737466755.4985642
MATICUSD,0.461500,0.428000,0.453500,953540.90884274,1737466755.4985654
SOLUSD,258.77000,230.15000,240.65000,595273.04135249,1737466755.4985664
XXBTZUSD,107900.00000,100114.20000,104501.00000,4062.99653020,1737466755.4985673
XDGUSD,0.401425600,0.335255400,0.368544500,201046513.75437053,1737466755.4985685
XXRPZUSD,3.36250000,3.00000000,3.12201000,67375351.27327013,1737466755.49857
ADAUSD,1.074582,0.951005,0.994635,27127394.93608769,1737466815.6944482
DOTUSD,6.64470,6.15090,6.53140,563164.03203370,1737466815.6944506
XETHZUSD,3383.08000,3202.14000,3297.34000,27397.79067110,1737466815.6944523
LINKUSD,26.476350,23.674270,25.751160,562149.20202129,1737466815.6944532
XLTCZUSD,125.03000,113.10000,121.27000,61361.31708278,1737466815.6944544
MATICUSD,0.461500,0.428000,0.453500,953540.90884274,1737466815.6944563
SOLUSD,258.77000,230.15000,240.19000,595182.42168398,1737466815.6944573
XXBTZUSD,107900.00000,100114.20000,104501.00000,4062.38715374,1737466815.694458
XDGUSD,0.401425600,0.335255400,0.366617700,201265193.71313058,1737466815.6944592
XXRPZUSD,3.36250000,3.00000000,3.13220000,67417940.40563001,1737466815.69446
ADAUSD,1.074582,0.951005,0.991916,26990580.25575532,1737466876.3363814
DOTUSD,6.64470,6.15090,6.53140,562862.60221326,1737466876.3363843
XETHZUSD,3383.08000,3202.14000,3293.46000,27395.80416552,1737466876.3363853
LINKUSD,26.476350,23.674270,25.751160,561704.07854643,1737466876.3363864
XLTCZUSD,125.03000,113.10000,120.76000,61382.22038707,1737466876.3363874
MATICUSD,0.461500,0.428000,0.452000,953573.72367122,1737466876.3363883
SOLUSD,258.77000,230.15000,239.88000,593001.46375453,1737466876.3363895
XXBTZUSD,107900.00000,100114.20000,104470.50000,4061.81308128,1737466876.3363907
XDGUSD,0.401425600,0.335255400,0.365999700,201474953.74747143,1737466876.3363917
XXRPZUSD,3.36250000,3.00000000,3.12887000,67418325.36494068,1737466876.3363924
ADAUSD,1.074582,0.951005,0.992961,26992889.68923251,1737466936.5365977
DOTUSD,6.64470,6.15090,6.53140,560348.68117003,1737466936.536601
XETHZUSD,3383.08000,3202.14000,3294.97000,27403.89027205,1737466936.536602
LINKUSD,26.476350,23.674270,25.737210,561420.22398467,1737466936.5366035
XLTCZUSD,125.03000,113.10000,121.01000,61383.90752238,1737466936.5366042
MATICUSD,0.461500,0.428000,0.452000,953529.96958359,1737466936.5366051
SOLUSD,258.77000,230.15000,240.19000,592566.00687005,1737466936.5366063
XXBTZUSD,107900.00000,100114.20000,104411.40000,4061.52717871,1737466936.5366073
XDGUSD,0.401425600,0.335255400,0.366827200,201468841.11743733,1737466936.536608
XXRPZUSD,3.36250000,3.00000000,3.12813000,67380679.22276982,1737466936.5366087
ADAUSD,1.074582,0.951005,0.995382,26988439.13338496,1737466996.9449296
DOTUSD,6.64470,6.15090,6.53160,560094.70234469,1737466996.944933
XETHZUSD,3383.08000,3202.14000,3294.98000,27403.44984989,1737466996.9449344
LINKUSD,26.476350,23.674270,25.739740,561234.06399654,1737466996.944936
XLTCZUSD,125.03000,113.10000,121.05000,61474.49790074,1737466996.9449372
MATICUSD,0.461500,0.428000,0.452000,953529.96958359,1737466996.9449387
SOLUSD,258.77000,230.15000,240.54000,592520.34064476,1737466996.9449403
XXBTZUSD,107900.00000,100114.20000,104436.40000,4061.11828623,1737466996.9449415
XDGUSD,0.401425600,0.335255400,0.366838000,201475256.62838841,1737466996.9449425
XXRPZUSD,3.36250000,3.00000000,3.13738000,67374240.51801171,1737466996.9449444
ADAUSD,1.074582,0.951005,0.995382,26987828.52073997,1737467057.4006588
DOTUSD,6.64470,6.15090,6.53160,560049.06993177,1737467057.400662
XETHZUSD,3383.08000,3202.14000,3295.33000,27402.15393472,1737467057.4006631
LINKUSD,26.476350,23.674270,25.820000,561541.31526869,1737467057.4006646
XLTCZUSD,125.03000,113.10000,121.20000,61487.15526486,1737467057.4006655
MATICUSD,0.461500,0.428000,0.452900,953611.28700904,1737467057.4006672
SOLUSD,258.77000,230.15000,240.58000,592528.32131018,1737467057.4006684
XXBTZUSD,107900.00000,100114.20000,104486.40000,4059.89538585,1737467057.400669
XDGUSD,0.401425600,0.335255400,0.366856000,201590878.85480832,1737467057.4006703
XXRPZUSD,3.36250000,3.00000000,3.13904000,67363398.54246535,1737467057.4006712
ADAUSD,1.074582,0.951005,0.996750,26944409.52914412,1737467117.7900598
DOTUSD,6.64470,6.15090,6.53960,560087.77848948,1737467117.7900622
XETHZUSD,3383.08000,3202.14000,3297.44000,27403.91995288,1737467117.7900634
LINKUSD,26.476350,23.674270,25.862130,561602.49225892,1737467117.7900646
XLTCZUSD,125.03000,113.10000,121.32000,61532.87202789,1737467117.790066
MATICUSD,0.461500,0.428000,0.453700,953638.70824004,1737467117.790073
SOLUSD,258.77000,230.15000,240.84000,592583.22013139,1737467117.7900748
XXBTZUSD,107900.00000,100114.20000,104528.80000,4059.81814987,1737467117.7900763
XDGUSD,0.401425600,0.335255400,0.367559600,201585945.78093788,1737467117.7900772
XXRPZUSD,3.36250000,3.00000000,3.14250000,67361542.92453695,1737467117.7900782
ADAUSD,1.074582,0.951005,0.998449,26906741.03295315,1737467178.0190516
DOTUSD,6.64470,6.15090,6.54660,560115.86034675,1737467178.0190542
XETHZUSD,3383.08000,3202.14000,3302.86000,27398.41771036,1737467178.0190551
LINKUSD,26.476350,23.674270,25.854340,558559.12907433,1737467178.0190568
XLTCZUSD,125.03000,113.10000,121.59000,61536.83690754,1737467178.0190585
MATICUSD,0.461500,0.428000,0.453700,953571.96789157,1737467178.0190601
SOLUSD,258.77000,230.15000,241.52000,592612.14566102,1737467178.0190616
XXBTZUSD,107900.00000,100114.20000,104599.90000,4059.60911751,1737467178.0190628
XDGUSD,0.401425600,0.335255400,0.369000100,202284349.12780910,1737467178.0190644
XXRPZUSD,3.36250000,3.00000000,3.14485000,67364781.91590851,1737467178.0190656
ADAUSD,1.074582,0.951005,0.998146,26914391.42450786,1737467238.2998402
DOTUSD,6.64470,6.15090,6.55100,560103.13194553,1737467238.2998707
XETHZUSD,3383.08000,3202.14000,3303.84000,27405.43551092,1737467238.2998722
LINKUSD,26.476350,23.674270,25.884640,557603.67652113,1737467238.2998736
XLTCZUSD,125.03000,113.10000,121.45000,61530.30969372,1737467238.2998748
MATICUSD,0.461500,0.428000,0.455000,955046.69738656,1737467238.2998767
SOLUSD,258.77000,230.15000,241.64000,592129.89690810,1737467238.2998784
XXBTZUSD,107900.00000,100114.20000,104600.00000,4059.77444558,1737467238.2998803
XDGUSD,0.401425600,0.335255400,0.367944500,203814460.32372964,1737467238.299882
XXRPZUSD,3.36250000,3.00000000,3.14240000,67302179.09917821,1737467238.2998846
ADAUSD,1.074582,0.951005,0.999256,26908616.22733983,1737467298.5940623
DOTUSD,6.64470,6.15090,6.55100,559759.85500946,1737467298.594069
XETHZUSD,3383.08000,3202.14000,3304.88000,27441.58925142,1737467298.5940704
LINKUSD,26.476350,23.674270,25.886290,556731.24068480,1737467298.5940716
XLTCZUSD,125.03000,113.10000,121.52000,61536.00398482,1737467298.594073
MATICUSD,0.461500,0.428000,0.455100,955151.77430963,1737467298.5940742
SOLUSD,258.77000,230.15000,241.96000,590904.72657167,1737467298.5940754
XXBTZUSD,107900.00000,100114.20000,104681.80000,4059.63845707,1737467298.5940769
XDGUSD,0.401425600,0.335255400,0.368407000,203842869.15727424,1737467298.5940783
XXRPZUSD,3.36250000,3.00000000,3.14358000,67292206.00350578,1737467298.5940793
ADAUSD,1.074582,0.951005,0.999600,26905891.86015993,1737467358.8982651
DOTUSD,6.64470,6.15090,6.55650,559796.26979158,1737467358.898269
XETHZUSD,3383.08000,3202.14000,3304.88000,27438.09875850,1737467358.898271
LINKUSD,26.476350,23.674270,25.809440,556321.49891637,1737467358.8982728
XLTCZUSD,125.03000,113.10000,121.69000,61486.76256946,1737467358.898275
MATICUSD,0.461500,0.428000,0.455100,954941.31732963,1737467358.8982768
SOLUSD,258.77000,230.15000,242.12000,590859.91582327,1737467358.8982792
XXBTZUSD,107900.00000,100114.20000,104721.10000,4055.69476600,1737467358.8982809
XDGUSD,0.401425600,0.335255400,0.368842200,203844634.60966510,1737467358.8982825
XXRPZUSD,3.36250000,3.00000000,3.14357000,67265029.11994875,1737467358.8982854
ADAUSD,1.074582,0.951005,0.999599,26902012.07742956,1737467419.108803
DOTUSD,6.64470,6.15090,6.55410,559934.46522834,1737467419.1088057
XETHZUSD,3383.08000,3202.14000,3304.88000,27434.16500551,1737467419.1088066
LINKUSD,26.476350,23.674270,25.815500,556374.03959496,1737467419.1088076
XLTCZUSD,125.03000,113.10000,121.59000,61488.65898597,1737467419.1088088
MATICUSD,0.461500,0.428000,0.455100,954941.31732963,1737467419.1088097
SOLUSD,258.77000,230.15000,242.13000,590838.49789816,1737467419.108811
XXBTZUSD,107900.00000,100114.20000,104658.70000,4057.65153592,1737467419.108812
XDGUSD,0.401425600,0.335255400,0.368636700,203848855.32760595,1737467419.1088133
XXRPZUSD,3.36250000,3.00000000,3.14316000,67270111.04889570,1737467419.1088142
ADAUSD,1.074582,0.951005,0.999255,26902725.66216113,1737467479.4044168
DOTUSD,6.64470,6.15090,6.55410,559919.27363882,1737467479.4044266
XETHZUSD,3383.08000,3202.14000,3303.83000,27437.43243992,1737467479.404428
LINKUSD,26.476350,23.674270,25.740970,556345.95536069,1737467479.40443
XLTCZUSD,125.03000,113.10000,121.51000,61504.13347599,1737467479.4044316
MATICUSD,0.461500,0.428000,0.454200,954878.47014963,1737467479.4044335
SOLUSD,258.77000,230.15000,241.98000,590428.66567346,1737467479.4044352
XXBTZUSD,107900.00000,100114.20000,104650.00000,4056.49646572,1737467479.4044368
XDGUSD,0.401425600,0.335255400,0.368101700,203854841.98583008,1737467479.4044383
XXRPZUSD,3.36250000,3.00000000,3.13848000,67274354.08097187,1737467479.4044402
ADAUSD,1.074582,0.951005,0.996383,26900394.45670752,1737467539.6033897
DOTUSD,6.64470,6.15090,6.55130,559819.02663882,1737467539.603393
XETHZUSD,3383.08000,3202.14000,3298.99000,27428.81888320,1737467539.6033938
LINKUSD,26.476350,23.674270,25.703810,556162.07347219,1737467539.6033945
XLTCZUSD,125.03000,113.10000,121.11000,61510.20156891,1737467539.6033962
MATICUSD,0.461500,0.428000,0.454200,954878.47014963,1737467539.6033976
SOLUSD,258.77000,230.15000,241.50000,589891.77232016,1737467539.6033986
XXBTZUSD,107900.00000,100114.20000,104566.50000,4050.38343166,1737467539.6033995
XDGUSD,0.401425600,0.335255400,0.368108300,203931265.36985418,1737467539.6034005
XXRPZUSD,3.36250000,3.00000000,3.13635000,67271472.54708129,1737467539.6034014
ADAUSD,1.074582,0.951005,0.995914,26851700.03703438,1737467599.8251498
DOTUSD,6.64470,6.15090,6.54590,559704.09646769,1737467599.825154
XETHZUSD,3383.08000,3202.14000,3296.70000,27416.04320279,1737467599.8251553
LINKUSD,26.476350,23.674270,25.601800,556537.93723943,1737467599.825157
XLTCZUSD,125.03000,113.10000,120.99000,63186.14253332,1737467599.8251586
MATICUSD,0.461500,0.428000,0.454200,954604.77842963,1737467599.825161
SOLUSD,258.77000,230.15000,241.17000,589540.36348257,1737467599.8251634
XXBTZUSD,107900.00000,100114.20000,104463.90000,4053.23151467,1737467599.8251648
XDGUSD,0.401425600,0.335255400,0.367575100,204129606.62010659,1737467599.8251677
XXRPZUSD,3.36250000,3.00000000,3.13093000,67271661.36908344,1737467599.8251703
ADAUSD,1.074582,0.951005,0.996742,26841594.84794877,1737467660.0215588
DOTUSD,6.64470,6.15090,6.54590,559684.80299220,1737467660.0215623
XETHZUSD,3383.08000,3202.14000,3296.81000,27416.95175064,1737467660.0215633
LINKUSD,26.476350,23.674270,25.632870,556534.06625774,1737467660.0215642
XLTCZUSD,125.03000,113.10000,121.00000,63859.17607882,1737467660.0215654
MATICUSD,0.461500,0.428000,0.454200,954394.41287963,1737467660.0215664
SOLUSD,258.77000,230.15000,241.39000,589624.70433073,1737467660.0215676
XXBTZUSD,107900.00000,100114.20000,104494.20000,4061.11798637,1737467660.0215688
XDGUSD,0.401425600,0.335255400,0.368500000,204137964.20198506,1737467660.0215695
XXRPZUSD,3.36250000,3.00000000,3.13371000,67266415.95688880,1737467660.0215704
ADAUSD,1.074582,0.951005,0.997892,26842676.63183794,1737467720.2321165
DOTUSD,6.64470,6.15090,6.54800,559704.27435469,1737467720.2321188
XETHZUSD,3383.08000,3202.14000,3301.10000,27416.46746469,1737467720.2321198
LINKUSD,26.476350,23.674270,25.651340,556155.14507902,1737467720.2321205
XLTCZUSD,125.03000,113.10000,121.37000,64051.40031708,1737467720.232122
MATICUSD,0.461500,0.428000,0.454200,954389.37926963,1737467720.2321234
SOLUSD,258.77000,230.15000,241.62000,589255.70709363,1737467720.2321243
XXBTZUSD,107900.00000,100114.20000,104599.90000,4080.87094711,1737467720.2321255
XDGUSD,0.401425600,0.335255400,0.369251900,204639294.96139366,1737467720.2321267
XXRPZUSD,3.36250000,3.00000000,3.13477000,67240659.67001574,1737467720.2321277
ADAUSD,1.074582,0.951005,0.997702,26849564.10487227,1737467780.4398143
DOTUSD,6.64470,6.15090,6.55170,559715.56889505,1737467780.4398172
XETHZUSD,3383.08000,3202.14000,3299.71000,27414.34217915,1737467780.439818
LINKUSD,26.476350,23.674270,25.688240,553861.13084611,1737467780.4398189
XLTCZUSD,125.03000,113.10000,121.40000,64044.51986716,1737467780.4398203
MATICUSD,0.461500,0.428000,0.454200,954389.37926963,1737467780.4398212
SOLUSD,258.77000,230.15000,241.20000,589085.35737808,1737467780.4398227
XXBTZUSD,107900.00000,100114.20000,104433.60000,4080.58290458,1737467780.439824
XDGUSD,0.401425600,0.335255400,0.368101200,204633225.61368236,1737467780.4398248
XXRPZUSD,3.36250000,3.00000000,3.13007000,67233554.33041954,1737467780.4398258
ADAUSD,1.074582,0.951005,0.996704,26891429.30493285,1737467840.653182
DOTUSD,6.64470,6.15090,6.55060,558533.37988975,1737467840.6531842
XETHZUSD,3383.08000,3202.14000,3299.71000,27407.75130516,1737467840.6531851
LINKUSD,26.476350,23.674270,25.669280,553786.09410650,1737467840.6531858
XLTCZUSD,125.03000,113.10000,121.36000,64042.33988350,1737467840.6531868
MATICUSD,0.461500,0.428000,0.454200,954389.37926963,1737467840.6531878
SOLUSD,258.77000,230.15000,241.32000,589056.42029715,1737467840.653189
XXBTZUSD,107900.00000,100114.20000,104447.90000,4078.25885050,1737467840.6531897
XDGUSD,0.401425600,0.335255400,0.368766200,204633516.68583018,1737467840.6531906
XXRPZUSD,3.36250000,3.00000000,3.13001000,67247985.94489292,1737467840.6531916
ADAUSD,1.074582,0.951005,0.994869,26891708.42921246,1737467900.9845026
DOTUSD,6.64470,6.15090,6.55150,558738.85769323,1737467900.984505
XETHZUSD,3383.08000,3202.14000,3301.09000,27409.37264393,1737467900.9845057
LINKUSD,26.476350,23.674270,25.639130,553757.51428821,1737467900.9845068
XLTCZUSD,125.03000,113.10000,121.19000,64050.22229994,1737467900.9845083
MATICUSD,0.461500,0.428000,0.453500,955787.96322753,1737467900.9845097
SOLUSD,258.77000,230.15000,241.32000,589063.64063179,1737467900.9845111
XXBTZUSD,107900.00000,100114.20000,104334.40000,4079.06243310,1737467900.9845128
XDGUSD,0.401425600,0.335255400,0.369105500,204640473.78278422,1737467900.984514
XXRPZUSD,3.36250000,3.00000000,3.13001000,67209604.81782029,1737467900.9845154
ADAUSD,1.074582,0.951005,0.994181,26886005.84675197,1737467961.35163
DOTUSD,6.64470,6.15090,6.55150,557835.31687675,1737467961.3516335
XETHZUSD,3383.08000,3202.14000,3301.21000,27471.53660384,1737467961.3516347
LINKUSD,26.476350,23.674270,25.651020,553730.95801363,1737467961.3516362
XLTCZUSD,125.03000,113.10000,121.09000,64005.32621526,1737467961.351638
MATICUSD,0.461500,0.428000,0.453500,955787.96322753,1737467961.3516397
SOLUSD,258.77000,230.15000,241.01000,588740.54803967,1737467961.351642
XXBTZUSD,107900.00000,100114.20000,104334.50000,4078.66554143,1737467961.3516445
XDGUSD,0.401425600,0.335255400,0.369078700,204683047.53212445,1737467961.351646
XXRPZUSD,3.36250000,3.00000000,3.13000000,67204583.21852471,1737467961.351648
ADAUSD,1.074582,0.951005,0.994263,26884726.00010631,1737468021.5868134
DOTUSD,6.64470,6.15090,6.55640,557768.84308919,1737468021.5868156
XETHZUSD,3383.08000,3202.14000,3304.28000,27366.80939283,1737468021.5868165
LINKUSD,26.476350,23.674270,25.715830,553965.10985026,1737468021.5868175
XLTCZUSD,125.03000,113.10000,121.09000,64004.53870906,1737468021.5868182
MATICUSD,0.461500,0.428000,0.453400,955799.27794753,1737468021.5868194
SOLUSD,258.77000,230.15000,241.07000,588696.76924007,1737468021.5868204
XXBTZUSD,107900.00000,100114.20000,104390.90000,4079.09365053,1737468021.5868213
XDGUSD,0.401425600,0.335255400,0.369088200,204749453.21177016,1737468021.5868225
XXRPZUSD,3.36250000,3.00000000,3.13201000,67234092.52993016,1737468021.5868232
ADAUSD,1.074582,0.951005,0.992787,26888078.92405364,1737468081.7908347
DOTUSD,6.64470,6.15090,6.55460,558486.78275763,1737468081.7908375
XETHZUSD,3383.08000,3202.14000,3304.46000,27359.73678942,1737468081.7908385
LINKUSD,26.476350,23.674270,25.712770,553633.65848735,1737468081.7908394
XLTCZUSD,125.03000,113.10000,121.09000,64003.59131250,1737468081.7908406
MATICUSD,0.461500,0.428000,0.453400,955745.08594058,1737468081.7908657
SOLUSD,258.77000,230.15000,240.75000,588449.65045615,1737468081.7908678
XXBTZUSD,107900.00000,100114.20000,104423.80000,4076.26739301,1737468081.790869
XDGUSD,0.401425600,0.335255400,0.367839800,204828831.16719979,1737468081.7908702
XXRPZUSD,3.36250000,3.00000000,3.12620000,67400113.32755493,1737468081.7908719
ADAUSD,1.074582,0.951005,0.988687,26868593.45106696,1737468141.999666
DOTUSD,6.64470,6.15090,6.55460,556303.94188250,1737468141.9996686
XETHZUSD,3383.08000,3202.14000,3303.77000,27248.58663836,1737468141.9996693
LINKUSD,26.476350,23.674270,25.620000,553442.25575742,1737468141.9996703
XLTCZUSD,125.03000,113.10000,120.43000,64012.66232050,1737468141.9996715
MATICUSD,0.461500,0.428000,0.452900,955749.13033058,1737468141.999673
SOLUSD,258.77000,230.15000,240.26000,587955.09381977,1737468141.9996738
XXBTZUSD,107900.00000,100114.20000,104401.30000,4075.91816286,1737468141.9996748
XDGUSD,0.401425600,0.335255400,0.367549700,204869983.95800096,1737468141.9996758
XXRPZUSD,3.36250000,3.00000000,3.12436000,67455615.48818827,1737468141.9996767
ADAUSD,1.074582,0.951005,0.985940,26635667.56744987,1737468202.4155247
DOTUSD,6.64470,6.15090,6.53560,555402.13549677,1737468202.4155269
XETHZUSD,3383.08000,3202.14000,3304.46000,27245.96966444,1737468202.4155278
LINKUSD,26.476350,23.674270,25.559940,553446.77470323,1737468202.415529
XLTCZUSD,125.03000,113.10000,120.21000,64046.31800545,1737468202.4155297
MATICUSD,0.461500,0.428000,0.452500,955769.01983334,1737468202.4155307
SOLUSD,258.77000,230.15000,240.34000,588039.08795899,1737468202.4155326
XXBTZUSD,107881.50000,100114.20000,104432.30000,4076.38123510,1737468202.4155335
XDGUSD,0.401425600,0.335255400,0.367154500,204650400.39454934,1737468202.4155352
XXRPZUSD,3.36250000,3.00000000,3.12210000,67419861.43427721,1737468202.4155364
ADAUSD,1.074582,0.951005,0.989063,26632092.97045980,1737468262.8354228
DOTUSD,6.64470,6.15090,6.53560,555395.25306639,1737468262.8354256
XETHZUSD,3383.08000,3202.14000,3304.46000,27237.16127096,1737468262.8354266
LINKUSD,26.476350,23.674270,25.629430,553364.75835287,1737468262.8354273
XLTCZUSD,125.03000,113.10000,120.43000,64036.90059133,1737468262.835428
MATICUSD,0.461500,0.428000,0.452500,954433.57459058,1737468262.8354294
SOLUSD,258.77000,230.15000,240.71000,587087.60869472,1737468262.8354306
XXBTZUSD,107881.50000,100114.20000,104432.30000,4074.36371940,1737468262.8354323
XDGUSD,0.401425600,0.335255400,0.368231000,204603354.55607656,1737468262.8354335
XXRPZUSD,3.36250000,3.00000000,3.12614000,67398767.19565196,1737468262.8354344
ADAUSD,1.074582,0.951005,0.989063,26625842.97045980,1737468323.0157337
DOTUSD,6.64470,6.15090,6.54170,555396.34484019,1737468323.015736
XETHZUSD,3383.08000,3202.14000,3306.00000,27213.01800061,1737468323.0157368
LINKUSD,26.476350,23.674270,25.613280,553356.69994859,1737468323.015738
XLTCZUSD,125.03000,113.10000,120.33000,63955.62455544,1737468323.0157392
MATICUSD,0.461500,0.428000,0.452500,954433.57459058,1737468323.0157404
SOLUSD,258.77000,230.15000,240.96000,586968.00686652,1737468323.015741
XXBTZUSD,107881.50000,100114.20000,104528.00000,4058.44448432,1737468323.0157425
XDGUSD,0.401425600,0.335255400,0.368849700,204595805.07413891,1737468323.0157433
XXRPZUSD,3.36250000,3.00000000,3.12350000,67385449.90963547,1737468323.015745
ADAUSD,1.074582,0.951005,0.989113,26623033.27366790,1737468383.245722
DOTUSD,6.64470,6.15090,6.54200,555233.90711411,1737468383.2457252
XETHZUSD,3383.08000,3202.14000,3306.99000,27085.76590962,1737468383.245726
LINKUSD,26.476350,23.674270,25.659520,553362.90184194,1737468383.2457275
XLTCZUSD,125.03000,113.10000,120.49000,63857.97352435,1737468383.245729
MATICUSD,0.461500,0.428000,0.452300,935051.57013482,1737468383.2457304
SOLUSD,258.77000,230.15000,240.67000,586918.27395719,1737468383.2457316
XXBTZUSD,107881.50000,100114.20000,104580.80000,4055.48759659,1737468383.2457333
XDGUSD,0.401425600,0.335255400,0.369790500,204611560.28190812,1737468383.2457352
XXRPZUSD,3.36250000,3.00000000,3.12801000,67382307.33417889,1737468383.2457364
ADAUSD,1.074582,0.951005,0.989034,26615064.17060277,1737468443.5074837
DOTUSD,6.64470,6.15090,6.53490,555162.00440227,1737468443.5074918
XETHZUSD,3383.08000,3202.14000,3304.46000,27058.66339929,1737468443.5074925
LINKUSD,26.476350,23.674270,25.608790,552523.42586589,1737468443.5074937
XLTCZUSD,125.03000,113.10000,120.28000,63854.88795010,1737468443.5074947
MATICUSD,0.461500,0.428000,0.451100,935911.93741797,1737468443.5074959
SOLUSD,258.77000,230.15000,240.09000,587039.82775957,1737468443.5074975
XXBTZUSD,107881.50000,100114.20000,104476.30000,4055.07330717,1737468443.5074987
XDGUSD,0.401425600,0.335255400,0.368683200,204636615.19490978,1737468443.5074995
XXRPZUSD,3.36250000,3.00000000,3.12377000,67242744.15960831,1737468443.5075002
ADAUSD,1.074582,0.951005,0.988358,26622985.22020869,1737468503.8100405
DOTUSD,6.64470,6.15090,6.52990,555256.05506644,1737468503.8100433
XETHZUSD,3383.08000,3202.14000,3305.08000,27050.25029959,1737468503.8100448
LINKUSD,26.476350,23.674270,25.588550,551509.86253009,1737468503.8100457
XLTCZUSD,125.03000,113.10000,120.38000,63953.14376733,1737468503.8100471
MATICUSD,0.461500,0.428000,0.451100,935717.96219580,1737468503.8100486
SOLUSD,258.77000,230.15000,239.69000,585100.25723006,1737468503.8100498
XXBTZUSD,107881.50000,100114.20000,104451.90000,4055.13931801,1737468503.810051
XDGUSD,0.401425600,0.335255400,0.367652300,204670775.22474045,1737468503.8100524
XXRPZUSD,3.36250000,3.00000000,3.12376000,67233214.27203016,1737468503.8100533
ADAUSD,1.074582,0.951005,0.988157,26638059.92057989,1737468564.014622
DOTUSD,6.64470,6.15090,6.52990,556050.67797892,1737468564.0146244
XETHZUSD,3383.08000,3202.14000,3300.00000,27201.93909255,1737468564.0146253
LINKUSD,26.476350,23.674270,25.529540,551342.77670495,1737468564.0146263
XLTCZUSD,125.03000,113.10000,120.12000,63947.36084339,1737468564.0146277
MATICUSD,0.461500,0.428000,0.451400,935736.51960957,1737468564.014629
SOLUSD,258.77000,230.15000,239.25000,585133.55240312,1737468564.01463
XXBTZUSD,107840.00000,100114.20000,104418.10000,4056.19722158,1737468564.0146408
XDGUSD,0.401425600,0.335255400,0.366427600,204747762.60013471,1737468564.0146422
XXRPZUSD,3.36250000,3.00000000,3.11901000,67202887.98622399,1737468564.014643
ADAUSD,1.074582,0.951005,0.987128,26641492.37123802,1737468624.3825963
DOTUSD,6.64470,6.15090,6.50990,556032.12052969,1737468624.3825989
XETHZUSD,3383.08000,3202.14000,3299.85000,27163.43180193,1737468624.3826003
LINKUSD,26.476350,23.674270,25.490810,551600.28754262,1737468624.3826013
XLTCZUSD,125.03000,113.10000,119.91000,63988.02615391,1737468624.3826027
MATICUSD,0.461500,0.428000,0.451400,935736.51960957,1737468624.3826044
SOLUSD,258.77000,230.15000,239.00000,585163.87455073,1737468624.3826058
XXBTZUSD,107840.00000,100114.20000,104314.30000,4055.92908176,1737468624.3826075
XDGUSD,0.401425600,0.335255400,0.366544600,204768378.77706769,1737468624.3826084
XXRPZUSD,3.36250000,3.00000000,3.11597000,67215036.24598091,1737468624.3826096
ADAUSD,1.074582,0.951005,0.987767,26660209.78886273,1737468684.5851994
DOTUSD,6.64470,6.15090,6.50990,556032.12052969,1737468684.5852022
XETHZUSD,3383.08000,3202.14000,3300.91000,27157.66578310,1737468684.585203
LINKUSD,26.476350,23.674270,25.485160,550757.13436896,1737468684.585204
XLTCZUSD,125.03000,113.10000,120.02000,63986.90095949,1737468684.5852048
MATICUSD,0.461500,0.428000,0.450700,935816.34222597,1737468684.5852056
SOLUSD,258.77000,230.15000,239.28000,585264.22282996,1737468684.5852065
XXBTZUSD,107840.00000,100114.20000,104342.30000,4055.80689494,1737468684.5852072
XDGUSD,0.401425600,0.335255400,0.367755600,204919492.64316872,1737468684.5852082
XXRPZUSD,3.36250000,3.00000000,3.11850000,67211018.22565046,1737468684.5852091
ADAUSD,1.074582,0.951005,0.989955,26655617.68059443,1737468744.7947118
DOTUSD,6.64470,6.15090,6.53050,555037.76061868,1737468744.7947145
XETHZUSD,3383.08000,3202.14000,3304.55000,27193.35775385,1737468744.794715
LINKUSD,26.476350,23.674270,25.625150,549946.82151458,1737468744.794716
XLTCZUSD,125.03000,113.10000,120.44000,63954.38953307,1737468744.7947166
MATICUSD,0.461500,0.428000,0.450700,935812.81048597,1737468744.7947178
SOLUSD,258.77000,230.15000,239.77000,583291.60996681,1737468744.7947185
XXBTZUSD,107840.00000,100114.20000,104434.60000,4054.93632933,1737468744.7947192
XDGUSD,0.401425600,0.335255400,0.369084900,205287324.94364123,1737468744.79472
XXRPZUSD,3.36250000,3.00000000,3.12677000,67219014.90806710,1737468744.7947206
ADAUSD,1.074582,0.951005,0.990575,26608072.81862673,1737468805.0596623
DOTUSD,6.64470,6.15090,6.53330,539481.99251112,1737468805.0596647
XETHZUSD,3383.08000,3202.14000,3305.57000,27139.83741217,1737468805.0596657
LINKUSD,26.476350,23.674270,25.668500,544916.24185887,1737468805.0596666
XLTCZUSD,125.03000,113.10000,120.50000,63952.52579640,1737468805.059668
MATICUSD,0.461500,0.428000,0.450700,935812.81048597,1737468805.0596693
SOLUSD,258.77000,230.15000,239.86000,582868.63257904,1737468805.0596764
XXBTZUSD,107840.00000,100114.20000,104365.30000,4055.07816147,1737468805.0596783
XDGUSD,0.401425600,0.335255400,0.369124500,205281071.79850899,1737468805.0596793
XXRPZUSD,3.36250000,3.00000000,3.12697000,67215295.44264541,1737468805.059681
ADAUSD,1.074582,0.951005,0.991522,26609403.86135435,1737468865.2657392
DOTUSD,6.64470,6.15090,6.53540,539309.09387572,1737468865.2657413
XETHZUSD,3383.08000,3202.14000,3306.42000,27127.47994522,1737468865.2657418
LINKUSD,26.476350,23.674270,25.672340,544623.71192204,1737468865.2657428
XLTCZUSD,125.03000,113.10000,120.43000,64116.61762845,1737468865.2657437
MATICUSD,0.461500,0.428000,0.450700,935801.61791597,1737468865.2657447
SOLUSD,258.77000,230.15000,239.84000,582736.41895097,1737468865.2657454
XXBTZUSD,107840.00000,100114.20000,104369.80000,4055.27344926,1737468865.265746
XDGUSD,0.401425600,0.335255400,0.369854300,205677550.07824581,1737468865.2657478
XXRPZUSD,3.36250000,3.00000000,3.12664000,67222459.03232592,1737468865.2657487
ADAUSD,1.074582,0.951005,0.992631,26606007.13733709,1737468925.6772454
DOTUSD,6.64470,6.15090,6.54010,539100.48780813,1737468925.677248
XETHZUSD,3383.08000,3202.14000,3308.71000,27128.64890864,1737468925.677249
LINKUSD,26.476350,23.674270,25.628300,544689.45830320,1737468925.67725
XLTCZUSD,125.03000,113.10000,120.44000,64185.38032268,1737468925.6772509
MATICUSD,0.461500,0.428000,0.452000,935881.24631676,1737468925.6772518
SOLUSD,258.77000,230.15000,240.47000,582746.74580345,1737468925.6772528
XXBTZUSD,107840.00000,100114.20000,104451.80000,4057.89157195,1737468925.6772537
XDGUSD,0.401425600,0.335255400,0.371254900,205727861.48969681,1737468925.6772635
XXRPZUSD,3.36250000,3.00000000,3.13076000,67340696.10720263,1737468925.6772647
ADAUSD,1.074582,0.951005,0.994019,26607069.53500155,1737468985.8872151
DOTUSD,6.64470,6.15090,6.54590,536875.88601679,1737468985.8872182
XETHZUSD,3383.08000,3202.14000,3315.31000,27139.33231813,1737468985.8872201
LINKUSD,26.476350,23.674270,25.628300,544557.07809715,1737468985.887222
XLTCZUSD,125.03000,113.10000,120.60000,64179.68828593,1737468985.8872232
MATICUSD,0.461500,0.428000,0.453000,940066.14969676,1737468985.8872254
SOLUSD,258.77000,230.15000,240.97000,582767.06052286,1737468985.8872263
XXBTZUSD,107840.00000,100114.20000,104600.00000,4059.44922444,1737468985.887228
XDGUSD,0.401425600,0.335255400,0.371430600,205782719.47946231,1737468985.8872294
XXRPZUSD,3.36250000,3.00000000,3.13161000,67315573.71092731,1737468985.8872313
ADAUSD,1.074582,0.951005,0.994019,26567557.01088165,1737469046.2094758
DOTUSD,6.64470,6.15090,6.54590,536804.44239358,1737469046.2094781
XETHZUSD,3383.08000,3202.14000,3315.17000,27116.24670057,1737469046.209479
LINKUSD,26.476350,23.674270,25.673880,542210.83771088,1737469046.20948
XLTCZUSD,125.03000,113.10000,120.58000,64172.81573911,1737469046.2094812
MATICUSD,0.461500,0.428000,0.453000,940082.29930676,1737469046.2094827
SOLUSD,258.77000,230.15000,240.76000,582481.84279067,1737469046.2094839
XXBTZUSD,107840.00000,100114.20000,104600.00000,4058.93203120,1737469046.2094848
XDGUSD,0.401425600,0.335255400,0.371266900,205827374.94943508,1737469046.2094865
XXRPZUSD,3.36250000,3.00000000,3.13000000,67279734.47666115,1737469046.2094877
ADAUSD,1.074582,0.951005,0.994020,26509897.76942039,1737469106.4485958
DOTUSD,6.64470,6.15090,6.55430,536808.79524617,1737469106.448598
XETHZUSD,3383.08000,3202.14000,3311.52000,27015.25207432,1737469106.4485989
LINKUSD,26.476350,23.674270,25.673880,542186.27619088,1737469106.4485998
XLTCZUSD,125.03000,113.10000,120.59000,63314.57055844,1737469106.4486008
MATICUSD,0.461500,0.428000,0.453000,940082.29930676,1737469106.4486024
SOLUSD,258.77000,230.15000,241.52000,584096.44960332,1737469106.4486034
XXBTZUSD,107840.00000,100114.20000,104599.90000,4059.24267347,1737469106.4486039
XDGUSD,0.401425600,0.335255400,0.370367500,205811474.03350480,1737469106.4486046
XXRPZUSD,3.36250000,3.00000000,3.13039000,67285895.62638776,1737469106.4486058
ADAUSD,1.074582,0.951005,0.994212,26504839.13187442,1737469166.6503637
DOTUSD,6.64470,6.15090,6.54880,537326.46723273,1737469166.6503668
XETHZUSD,3383.08000,3202.14000,3311.49000,27012.60151813,1737469166.6503677
LINKUSD,26.476350,23.674270,25.553400,539475.45339312,1737469166.650369
XLTCZUSD,125.03000,113.10000,120.45000,62050.28707970,1737469166.6503706
MATICUSD,0.461500,0.428000,0.453000,940082.29930676,1737469166.6503718
SOLUSD,258.77000,230.15000,241.58000,584111.48294017,1737469166.6503735
XXBTZUSD,107840.00000,100114.20000,104528.00000,4038.61767390,1737469166.6503747
XDGUSD,0.401425600,0.335255400,0.370818800,206019766.16471685,1737469166.6503758
XXRPZUSD,3.36250000,3.00000000,3.13000000,67298847.24122065,1737469166.6503773
ADAUSD,1.074582,0.951005,0.995308,26479207.30503603,1737469226.8939373
DOTUSD,6.64470,6.15090,6.55240,537340.78415091,1737469226.89394
XETHZUSD,3383.08000,3202.14000,3310.99000,27001.95557977,1737469226.8939412
LINKUSD,26.476350,23.674270,25.553400,539467.09101261,1737469226.8939426
XLTCZUSD,125.03000,113.10000,120.38000,62192.58910658,1737469226.8939438
MATICUSD,0.461500,0.428000,0.453000,939582.29930676,1737469226.893945
SOLUSD,258.77000,230.15000,241.88000,583952.04407802,1737469226.8939462
XXBTZUSD,107840.00000,100114.20000,104700.00000,4032.94024055,1737469226.8939474
XDGUSD,0.401425600,0.335255400,0.371426700,206211768.49085290,1737469226.8939483
XXRPZUSD,3.36250000,3.00000000,3.13039000,67323460.49070119,1737469226.8939497
ADAUSD,1.074434,0.951005,0.996875,26200855.20951079,1737469287.421009
DOTUSD,6.64470,6.15090,6.56010,537380.45023083,1737469287.4210117
XETHZUSD,3383.08000,3202.14000,3313.51000,27005.53230610,1737469287.4210124
LINKUSD,26.476350,23.674270,25.587450,538863.88804649,1737469287.4210138
XLTCZUSD,125.03000,113.10000,120.38000,60615.22630157,1737469287.421015
MATICUSD,0.461500,0.428000,0.453100,939654.56494676,1737469287.4210157
SOLUSD,258.77000,230.15000,241.97000,583977.56245118,1737469287.421017
XXBTZUSD,107840.00000,100114.20000,104819.30000,4038.87432229,1737469287.4210181
XDGUSD,0.401425600,0.335255400,0.371300000,206246351.71338721,1737469287.421019
XXRPZUSD,3.36250000,3.00000000,3.13500000,67316932.07255706,1737469287.4210203
ADAUSD,1.072423,0.951005,0.998362,25999426.12251678,1737469347.6295762
DOTUSD,6.64470,6.15090,6.57360,537392.78937098,1737469347.6295784
XETHZUSD,3383.08000,3202.14000,3315.00000,27005.14045070,1737469347.629579
LINKUSD,26.476350,23.674270,25.710970,538554.44096214,1737469347.6295803
XLTCZUSD,125.03000,113.10000,120.53000,60616.75973891,1737469347.629581
MATICUSD,0.461500,0.428000,0.453100,939594.85886676,1737469347.6295824
SOLUSD,258.77000,230.15000,242.37000,583905.15153808,1737469347.6295836
XXBTZUSD,107840.00000,100114.20000,104812.40000,4037.08834240,1737469347.6295848
XDGUSD,0.401425600,0.335255400,0.371830000,206326219.90453155,1737469347.6295857
XXRPZUSD,3.36250000,3.00000000,3.13799000,67378960.49885881,1737469347.6295867
ADAUSD,1.072097,0.951005,1.001321,25996485.29959327,1737469407.8328662
DOTUSD,6.64470,6.15090,6.57590,537182.43987982,1737469407.83287
XETHZUSD,3383.08000,3202.14000,3317.44000,27004.82860506,1737469407.8328714
LINKUSD,26.476350,23.674270,25.764780,537286.53123946,1737469407.8328726
XLTCZUSD,125.03000,113.10000,120.76000,60602.91195848,1737469407.8328745
MATICUSD,0.461500,0.428000,0.454100,940355.90192004,1737469407.8328764
SOLUSD,258.77000,230.15000,243.22000,583974.47694512,1737469407.8328784
XXBTZUSD,107840.00000,100114.20000,104937.50000,4043.13289179,1737469407.8328798
XDGUSD,0.401425600,0.335255400,0.373186600,206731484.14188299,1737469407.8328815
XXRPZUSD,3.36250000,3.00000000,3.13931000,67439634.12522187,1737469407.832883
ADAUSD,1.072097,0.951005,1.001385,25988055.26979615,1737469468.212296
DOTUSD,6.64470,6.15090,6.58670,537273.20806606,1737469468.212298
XETHZUSD,3383.08000,3202.14000,3323.93000,27008.97318099,1737469468.2122989
LINKUSD,26.476350,23.674270,25.788540,537845.26880948,1737469468.2122996
XLTCZUSD,125.03000,113.10000,120.65000,60605.60659200,1737469468.2123005
MATICUSD,0.461500,0.428000,0.454100,940355.90192004,1737469468.2123013
SOLUSD,258.77000,230.15000,242.92000,583757.17929109,1737469468.2123027
XXBTZUSD,107840.00000,100114.20000,104845.00000,4044.49967948,1737469468.2123039
XDGUSD,0.401425600,0.335255400,0.373000000,207197330.73246204,1737469468.212305
XXRPZUSD,3.36250000,3.00000000,3.14000000,67325435.17498466,1737469468.2123063
ADAUSD,1.072097,0.951005,1.002087,25949240.42731544,1737469528.4974825
DOTUSD,6.64470,6.15090,6.58500,538116.36439171,1737469528.4974852
XETHZUSD,3383.08000,3202.14000,3323.32000,27009.39113090,1737469528.4974859
LINKUSD,26.476350,23.674270,25.809140,537206.35761396,1737469528.4974868
XLTCZUSD,125.03000,113.10000,120.78000,60602.49290891,1737469528.4974885
MATICUSD,0.461500,0.428000,0.454100,940315.58259004,1737469528.4974895
SOLUSD,258.77000,230.15000,243.51000,583493.18279270,1737469528.4974906
XXBTZUSD,107840.00000,100114.20000,104994.00000,4044.79648998,1737469528.4974914
XDGUSD,0.401425600,0.335255400,0.373344800,208057380.43063204,1737469528.4974926
XXRPZUSD,3.36250000,3.00000000,3.14300000,67277530.74743171,1737469528.497494
ADAUSD,1.072097,0.951005,1.003382,25944380.54127203,1737469588.7202377
DOTUSD,6.64470,6.15090,6.58500,538109.08147432,1737469588.7202399
XETHZUSD,3383.08000,3202.14000,3325.88000,27040.97936252,1737469588.7202408
LINKUSD,26.476350,23.674270,25.865210,536946.42236020,1737469588.720242
XLTCZUSD,125.03000,113.10000,120.75000,60669.01260649,1737469588.7202432
MATICUSD,0.461500,0.428000,0.455400,946009.85863837,1737469588.7202446
SOLUSD,258.77000,230.15000,243.98000,585436.84615020,1737469588.7202463
XXBTZUSD,107840.00000,100114.20000,105019.10000,4039.26325378,1737469588.7202473
XDGUSD,0.401425600,0.335255400,0.373554900,208123214.47530497,1737469588.7202482
XXRPZUSD,3.36250000,3.00000000,3.14237000,67322453.52084005,1737469588.7202494
ADAUSD,1.072097,0.951005,1.002365,25944533.82291962,1737469648.9394374
DOTUSD,6.64470,6.15090,6.59000,537933.21740795,1737469648.939441
XETHZUSD,3383.08000,3202.14000,3322.65000,27042.83456241,1737469648.9394424
LINKUSD,26.476350,23.674270,25.831580,536799.11938094,1737469648.9394445
XLTCZUSD,125.03000,113.10000,120.63000,60664.02510147,1737469648.9394457
MATICUSD,0.461500,0.428000,0.455400,946009.85863837,1737469648.939447
SOLUSD,258.77000,230.15000,244.00000,586504.19159053,1737469648.9394486
XXBTZUSD,107840.00000,100114.20000,104880.70000,4039.84885537,1737469648.93945
XDGUSD,0.401425600,0.335255400,0.373608900,208345415.87232012,1737469648.9394522
XXRPZUSD,3.36250000,3.00000000,3.13952000,67318978.02764339,1737469648.9394543
ADAUSD,1.072097,0.951005,1.001449,25946334.38714846,1737469709.4167962
DOTUSD,6.64470,6.15090,6.58610,537633.77819986,1737469709.4167984
XETHZUSD,3383.08000,3202.14000,3325.57000,27059.78790298,1737469709.4167998
LINKUSD,26.476350,23.674270,25.833980,536741.78578926,1737469709.4168007
XLTCZUSD,125.03000,113.10000,120.67000,60689.94250839,1737469709.4168024
MATICUSD,0.461500,0.428000,0.455400,946009.85863837,1737469709.4168038
SOLUSD,258.77000,230.15000,244.06000,587271.41707404,1737469709.4168057
XXBTZUSD,107840.00000,100114.20000,104851.90000,4041.95630511,1737469709.416807
XDGUSD,0.401425600,0.335255400,0.373754600,208514532.75417443,1737469709.416808
XXRPZUSD,3.36250000,3.00000000,3.13781000,67285629.74344632,1737469709.4168105
ADAUSD,1.072097,0.951005,1.001688,25934898.50681505,1737469769.7113528
DOTUSD,6.64470,6.15090,6.58740,537721.70530972,1737469769.7113554
XETHZUSD,3383.08000,3202.14000,3325.57000,27059.71063120,1737469769.7113562
LINKUSD,26.476350,23.674270,25.871080,534842.44060936,1737469769.7113576
XLTCZUSD,125.03000,113.10000,120.70000,60693.70541770,1737469769.7113588
MATICUSD,0.461500,0.428000,0.455400,946009.85863837,1737469769.7113597
SOLUSD,258.77000,230.15000,244.46000,587346.43155137,1737469769.711361
XXBTZUSD,107840.00000,100114.20000,105016.80000,4041.54533044,1737469769.7113621
XDGUSD,0.401425600,0.335255400,0.374931200,208710906.53956628,1737469769.7113628
XXRPZUSD,3.36250000,3.00000000,3.14000000,67202550.01088997,1737469769.7113638
ADAUSD,1.072097,0.951005,1.002901,25930812.70307943,1737469829.9057088
DOTUSD,6.64470,6.15090,6.59700,537742.89415843,1737469829.9057121
XETHZUSD,3383.08000,3202.14000,3328.26000,27063.06553599,1737469829.9057136
LINKUSD,26.476350,23.674270,25.851700,534789.76999072,1737469829.9057157
XLTCZUSD,125.03000,113.10000,121.01000,60448.18823550,1737469829.9057178
MATICUSD,0.461500,0.428000,0.456500,946851.29992414,1737469829.9057198
SOLUSD,258.77000,230.15000,244.08000,587537.45675904,1737469829.9057217
XXBTZUSD,107840.00000,100114.20000,105084.20000,4041.20183561,1737469829.905723
XDGUSD,0.401425600,0.335255400,0.375103800,208929154.90637006,1737469829.9057252
XXRPZUSD,3.36250000,3.00000000,3.13766000,67261280.15074944,1737469829.905727
ADAUSD,1.072097,0.951005,1.002901,25930661.19581872,1737469890.1056168
DOTUSD,6.64470,6.15090,6.60000,537605.42230750,1737469890.1056192
XETHZUSD,3383.08000,3202.14000,3325.40000,27068.50738411,1737469890.1056201
LINKUSD,26.476350,23.674270,25.884520,533609.96375539,1737469890.1056213
XLTCZUSD,125.03000,113.10000,120.78000,60448.70664712,1737469890.105622
MATICUSD,0.461500,0.428000,0.456500,946851.29992414,1737469890.1056232
SOLUSD,258.77000,230.15000,243.68000,587860.82735189,1737469890.105625
XXBTZUSD,107840.00000,100114.20000,104915.60000,4029.52103532,1737469890.1056254
XDGUSD,0.401425600,0.335255400,0.374875300,208977196.87149588,1737469890.1056266
XXRPZUSD,3.36250000,3.00000000,3.13634000,67264720.98920994,1737469890.1056275
ADAUSD,1.072097,0.951005,0.996747,25931834.56853988,1737469950.3027072
DOTUSD,6.64470,6.15090,6.58580,537970.80274838,1737469950.3027098
XETHZUSD,3383.08000,3202.14000,3312.77000,27128.05522986,1737469950.3027108
LINKUSD,26.476350,23.674270,25.771870,533230.39014701,1737469950.302712
XLTCZUSD,125.03000,113.10000,120.46000,60452.23445078,1737469950.3027132
MATICUSD,0.461500,0.428000,0.456500,946851.29992414,1737469950.3027146
SOLUSD,258.77000,230.15000,243.00000,589380.33417376,1737469950.302716
XXBTZUSD,107840.00000,100114.20000,104644.80000,4030.09276987,1737469950.3027167
XDGUSD,0.401425600,0.335255400,0.372490900,209104295.04823325,1737469950.3027174
XXRPZUSD,3.36250000,3.00000000,3.13232000,66651893.18365031,1737469950.3027182
ADAUSD,1.072097,0.951005,0.995085,25957194.83061227,1737470010.5155256
DOTUSD,6.64470,6.15090,6.56830,537942.94290901,1737470010.5155284
XETHZUSD,3383.08000,3202.14000,3309.84000,27167.01285673,1737470010.5155292
LINKUSD,26.476350,23.674270,25.716080,532911.58309176,1737470010.5155303
XLTCZUSD,125.03000,113.10000,120.34000,60447.31770630,1737470010.515531
MATICUSD,0.461500,0.428000,0.456500,946851.29992414,1737470010.5155323
SOLUSD,258.77000,230.15000,242.72000,589030.40578835,1737470010.5155337
XXBTZUSD,107840.00000,100114.20000,104466.80000,4040.45069520,1737470010.5155344
XDGUSD,0.401425600,0.335255400,0.371903300,209058672.52083768,1737470010.515535
XXRPZUSD,3.36250000,3.00000000,3.12650000,66654057.61176796,1737470010.5155358
ADAUSD,1.072097,0.951005,0.996382,25934595.75138523,1737470070.7230287
DOTUSD,6.64470,6.15090,6.56600,538295.61862238,1737470070.7230308
XETHZUSD,3383.08000,3202.14000,3310.03000,27312.79718141,1737470070.7230327
LINKUSD,26.476350,23.674270,25.688920,532854.96523144,1737470070.7230341
XLTCZUSD,125.03000,113.10000,120.26000,60500.56991975,1737470070.7230356
MATICUSD,0.461500,0.428000,0.456500,944668.84684689,1737470070.723037
SOLUSD,258.77000,230.15000,242.60000,588872.56754479,1737470070.723039
XXBTZUSD,107840.00000,100114.20000,104441.50000,4041.71022425,1737470070.72304
XDGUSD,0.401425600,0.335255400,0.372310100,209165738.66166271,1737470070.7230415
XXRPZUSD,3.36250000,3.00000000,3.12777000,66104698.13056707,1737470070.7230425
ADAUSD,1.072097,0.951005,0.986499,25963870.22075658,1737470131.1758087
DOTUSD,6.64470,6.15090,6.51630,538314.74683687,1737470131.175811
XETHZUSD,3383.08000,3202.14000,3294.55000,27468.17288375,1737470131.1758118
LINKUSD,26.476350,23.674270,25.505860,533460.10589252,1737470131.175813
XLTCZUSD,125.03000,113.10000,119.69000,60538.65810717,1737470131.1758137
MATICUSD,0.461500,0.428000,0.450500,943635.34838207,1737470131.1758146
SOLUSD,258.77000,230.15000,240.42000,591625.18164359,1737470131.1758156
XXBTZUSD,107840.00000,100114.20000,103702.90000,4054.84467512,1737470131.1758168
XDGUSD,0.401425600,0.335255400,0.367769900,210391875.88222455,1737470131.1758177
XXRPZUSD,3.36250000,3.00000000,3.10840000,66219484.42732175,1737470131.175819
ADAUSD,1.072097,0.951005,0.989067,25963617.45841795,1737470191.3763406
DOTUSD,6.64470,6.15090,6.52410,538279.13440473,1737470191.376343
XETHZUSD,3383.08000,3202.14000,3295.32000,27465.19115219,1737470191.3763437
LINKUSD,26.476350,23.674270,25.567580,533108.67496853,1737470191.376345
XLTCZUSD,125.03000,113.10000,119.54000,60544.42601630,1737470191.3763459
MATICUSD,0.461500,0.428000,0.450500,942921.62048004,1737470191.3763473
SOLUSD,258.77000,230.15000,240.84000,594823.48717241,1737470191.3763487
XXBTZUSD,107840.00000,100114.20000,103663.70000,4060.92321497,1737470191.3763494
XDGUSD,0.401425600,0.335255400,0.368984700,210627041.15735122,1737470191.3763502
XXRPZUSD,3.36250000,3.00000000,3.10719000,66185708.13626681,1737470191.3763516
ADAUSD,1.072097,0.951005,0.985504,25967296.19704163,1737470251.5689468
DOTUSD,6.64470,6.15090,6.50170,538294.06122212,1737470251.5689504
XETHZUSD,3383.08000,3202.14000,3281.63000,27569.69551987,1737470251.5689514
LINKUSD,26.476350,23.674270,25.528050,530778.72381699,1737470251.5689526
XLTCZUSD,125.03000,113.10000,118.88000,60616.07493938,1737470251.5689545
MATICUSD,0.461500,0.428000,0.448700,943699.68334197,1737470251.5689557
SOLUSD,258.77000,230.15000,239.53000,594926.15173944,1737470251.5689566
XXBTZUSD,107840.00000,100114.20000,103438.50000,4068.45679918,1737470251.5689578
XDGUSD,0.401425600,0.335255400,0.368083700,211218951.05400377,1737470251.5689585
XXRPZUSD,3.36250000,3.00000000,3.09832000,66113847.16710453,1737470251.5689592
ADAUSD,1.072097,0.951005,0.987729,25968816.63552956,1737470311.7807128
DOTUSD,6.64470,6.15090,6.51210,538422.29155534,1737470311.7807162
XETHZUSD,3383.08000,3202.14000,3286.67000,27581.10684846,1737470311.7807178
LINKUSD,26.434900,23.674270,25.632250,529992.12676551,1737470311.7807198
XLTCZUSD,125.03000,113.10000,119.27000,60610.92113037,1737470311.7807214
MATICUSD,0.461500,0.428000,0.448700,943699.68334197,1737470311.7807236
SOLUSD,258.77000,230.15000,239.92000,595232.66876138,1737470311.7807252
XXBTZUSD,107840.00000,100114.20000,103598.40000,4069.96862846,1737470311.7807271
XDGUSD,0.401425600,0.335255400,0.370793900,212366811.62247558,1737470311.7807288
XXRPZUSD,3.36250000,3.00000000,3.10249000,66114634.18696856,1737470311.7807314
ADAUSD,1.072097,0.951005,0.990270,25969388.57512786,1737470372.1517682
DOTUSD,6.64470,6.15090,6.52600,537780.64673028,1737470372.151771
XETHZUSD,3383.08000,3202.14000,3285.99000,27577.57763833,1737470372.1517725
LINKUSD,26.413050,23.674270,25.676340,529828.61996264,1737470372.1517732
XLTCZUSD,125.03000,113.10000,119.07000,60521.51921242,1737470372.1517742
MATICUSD,0.461500,0.428000,0.448700,942320.97781152,1737470372.1517756
SOLUSD,258.77000,230.15000,240.02000,595280.69248551,1737470372.1517766
XXBTZUSD,107840.00000,100114.20000,103470.30000,4070.34943085,1737470372.1517775
XDGUSD,0.401425600,0.335255400,0.370716500,212370450.06941374,1737470372.1517782
XXRPZUSD,3.36250000,3.00000000,3.10086000,66317879.27422380,1737470372.1517792
ADAUSD,1.072097,0.951005,0.985169,25968938.22617273,1737470432.3630242
DOTUSD,6.64470,6.15090,6.50740,538266.71930551,1737470432.3630266
XETHZUSD,3383.08000,3202.14000,3279.10000,27581.20022744,1737470432.3630276
LINKUSD,26.413050,23.674270,25.658380,529844.63798266,1737470432.3630288
XLTCZUSD,125.03000,113.10000,118.88000,60599.72187309,1737470432.36303
MATICUSD,0.461500,0.428000,0.448700,942247.36402152,1737470432.3630314
SOLUSD,258.77000,230.15000,239.10000,595634.66188517,1737470432.3630328
XXBTZUSD,107840.00000,100114.20000,103300.40000,4070.70823754,1737470432.3630338
XDGUSD,0.401425600,0.335255400,0.369148800,214379752.64293816,1737470432.363035
XXRPZUSD,3.36250000,3.00000000,3.09532000,66308217.29577315,1737470432.3630366
ADAUSD,1.072097,0.951005,0.990223,25961677.98426757,1737470492.5581963
DOTUSD,6.64470,6.15090,6.53800,538287.94926573,1737470492.5581987
XETHZUSD,3383.08000,3202.14000,3280.26000,27587.39741055,1737470492.5582
LINKUSD,26.413050,23.674270,25.764780,529302.35560036,1737470492.5582013
XLTCZUSD,125.03000,113.10000,119.44000,60614.07339885,1737470492.558203
MATICUSD,0.461500,0.428000,0.449200,943024.56596111,1737470492.5582042
SOLUSD,258.77000,230.15000,239.87000,595735.81923275,1737470492.5582054
XXBTZUSD,107840.00000,100114.20000,103207.90000,4075.28774233,1737470492.5582063
XDGUSD,0.401425600,0.335255400,0.373252400,215729558.82450225,1737470492.5582073
XXRPZUSD,3.36250000,3.00000000,3.09801000,66312668.35176855,1737470492.5582085
ADAUSD,1.072097,0.951005,0.989544,25966329.05556504,1737470552.8902218
DOTUSD,6.64470,6.15090,6.54910,537361.03662961,1737470552.890224
XETHZUSD,3383.08000,3202.14000,3293.13000,27592.18990655,1737470552.890225
LINKUSD,26.413050,23.674270,25.778970,528987.82393757,1737470552.890226
XLTCZUSD,125.03000,113.10000,119.54000,60617.60653743,1737470552.8902266
MATICUSD,0.461500,0.428000,0.449200,938649.75566564,1737470552.8902276
SOLUSD,258.77000,230.15000,240.56000,595674.13101762,1737470552.8902287
XXBTZUSD,107840.00000,100114.20000,103559.50000,4089.15792197,1737470552.8902297
XDGUSD,0.401425600,0.335255400,0.376196000,217429777.02333387,1737470552.8902304
XXRPZUSD,3.36250000,3.00000000,3.10842000,66311188.58567033,1737470552.8902318
ADAUSD,1.072097,0.951005,0.991454,25963258.09120695,1737470613.0751913
DOTUSD,6.64470,6.15090,6.54910,537357.32594787,1737470613.0751941
XETHZUSD,3383.08000,3202.14000,3291.86000,27585.95979038,1737470613.075195
LINKUSD,26.413050,23.674270,25.867650,528708.37969330,1737470613.0751963
XLTCZUSD,125.03000,113.10000,119.70000,60600.59720668,1737470613.0751972
MATICUSD,0.461500,0.428000,0.449200,938649.75566564,1737470613.0751982
SOLUSD,258.77000,230.15000,241.21000,596138.83505546,1737470613.0751996
XXBTZUSD,107840.00000,100114.20000,103573.70000,4098.82169799,1737470613.0752008
XDGUSD,0.401425600,0.335255400,0.373281100,217623446.37913731,1737470613.0752017
XXRPZUSD,3.36250000,3.00000000,3.10866000,65454590.61372382,1737470613.0752032
ADAUSD,1.072097,0.951005,0.990449,25963507.88393232,1737470673.2976813
DOTUSD,6.64470,6.15090,6.57650,537249.95276560,1737470673.2976844
XETHZUSD,3383.08000,3202.14000,3301.39000,27606.50664061,1737470673.2976856
LINKUSD,26.413050,23.674270,25.902340,528578.51088031,1737470673.2976868
XLTCZUSD,125.03000,113.10000,119.67000,60599.84619755,1737470673.2976882
MATICUSD,0.461500,0.428000,0.451700,938422.75104568,1737470673.2976909
SOLUSD,258.77000,230.15000,241.36000,596176.91653202,1737470673.297692
XXBTZUSD,107840.00000,100114.20000,103732.00000,4100.18109975,1737470673.2976935
XDGUSD,0.401425600,0.335255400,0.374733000,217683001.62886217,1737470673.2976944
XXRPZUSD,3.36250000,3.00000000,3.11800000,65504782.19520079,1737470673.2976966
ADAUSD,1.072097,0.951005,0.991357,25993999.43749359,1737470733.5082762
DOTUSD,6.64470,6.15090,6.58150,537363.77576560,1737470733.5082786
XETHZUSD,3383.08000,3202.14000,3299.20000,27607.78491676,1737470733.5082796
LINKUSD,26.413050,23.674270,25.953580,528538.10180841,1737470733.5082805
XLTCZUSD,125.03000,113.10000,119.52000,60647.30452548,1737470733.5082812
MATICUSD,0.461500,0.428000,0.451700,937743.07489522,1737470733.5082827
SOLUSD,258.77000,230.15000,241.29000,596116.64840449,1737470733.5082836
XXBTZUSD,107840.00000,100114.20000,103679.20000,4104.75510679,1737470733.5082843
XDGUSD,0.401425600,0.335255400,0.375199900,217730911.48393588,1737470733.5082858
XXRPZUSD,3.36250000,3.00000000,3.11309000,65558167.22277334,1737470733.5082865
ADAUSD,1.072097,0.951005,0.991177,25998529.77314880,1737470794.2527735
DOTUSD,6.64470,6.15090,6.56450,537249.74124381,1737470794.2527757
XETHZUSD,3383.08000,3202.14000,3296.84000,27906.17286646,1737470794.2527764
LINKUSD,26.413050,23.674270,25.917210,529612.01996257,1737470794.252777
XLTCZUSD,125.03000,113.10000,119.59000,60728.17358624,1737470794.2527785
MATICUSD,0.461500,0.428000,0.451700,937674.22572330,1737470794.2527795
SOLUSD,258.77000,230.15000,240.75000,598417.01524939,1737470794.2527802
XXBTZUSD,107840.00000,100114.20000,103623.00000,4106.81208644,1737470794.2527816
XDGUSD,0.401425600,0.335255400,0.373899000,217757166.01722964,1737470794.2527874
XXRPZUSD,3.36250000,3.00000000,3.10818000,65502612.36000228,1737470794.2527885
ADAUSD,1.072097,0.951005,0.987398,25994687.99093284,1737470854.4700072
DOTUSD,6.64470,6.15090,6.54740,537327.97633703,1737470854.47001
XETHZUSD,3383.08000,3202.14000,3294.15000,27889.14987378,1737470854.470011
LINKUSD,26.413050,23.674270,25.820240,529442.78096478,1737470854.4700122
XLTCZUSD,125.03000,113.10000,119.15000,60737.89380968,1737470854.470013
MATICUSD,0.461500,0.428000,0.450300,930950.16502534,1737470854.470014
SOLUSD,258.77000,230.15000,239.48000,598687.76260468,1737470854.4700155
XXBTZUSD,107840.00000,100114.20000,103529.00000,4107.02195823,1737470854.4700165
XDGUSD,0.401425600,0.335255400,0.370775500,217787203.86112038,1737470854.4700174
XXRPZUSD,3.36250000,3.00000000,3.10502000,65468364.91362604,1737470854.4700189
ADAUSD,1.072097,0.951005,0.990494,25994754.47729118,1737470914.7544267
DOTUSD,6.64470,6.15090,6.57150,537569.05929574,1737470914.7544289
XETHZUSD,3383.08000,3202.14000,3302.17000,27893.26560157,1737470914.7544296
LINKUSD,26.413050,23.674270,25.834200,529140.30990963,1737470914.7544312
XLTCZUSD,125.03000,113.10000,119.44000,60841.41278967,1737470914.7544324
MATICUSD,0.461500,0.428000,0.450300,930950.16502534,1737470914.7544336
SOLUSD,258.77000,230.15000,240.71000,598805.28656358,1737470914.7544343
XXBTZUSD,107840.00000,100114.20000,103935.70000,4109.75256382,1737470914.7544358
XDGUSD,0.401425600,0.335255400,0.372618700,217844843.47547181,1737470914.7544377
XXRPZUSD,3.36250000,3.00000000,3.11478000,65418940.34831137,1737470914.754439
ADAUSD,1.072097,0.951005,0.990494,25994222.04688358,1737470975.050733
DOTUSD,6.64470,6.15090,6.58960,538177.75686070,1737470975.0507357
XETHZUSD,3383.08000,3202.14000,3305.99000,27894.61646579,1737470975.0507364
LINKUSD,26.413050,23.674270,25.824120,530902.54324127,1737470975.0507371
XLTCZUSD,125.03000,113.10000,119.78000,60864.05290647,1737470975.050738
MATICUSD,0.461500,0.428000,0.450300,930843.18899962,1737470975.0507395
SOLUSD,258.77000,230.15000,241.17000,598887.38639797,1737470975.050741
XXBTZUSD,107840.00000,100114.20000,104051.10000,4110.61643573,1737470975.0507417
XDGUSD,0.401425600,0.335255400,0.372499100,217930470.92840286,1737470975.0507433
XXRPZUSD,3.36250000,3.00000000,3.11537000,65423258.13456217,1737470975.0507443
ADAUSD,1.072097,0.951005,0.989312,25994433.24094758,1737471035.2588847
DOTUSD,6.64470,6.15090,6.57750,538579.32986070,1737471035.258888
XETHZUSD,3383.08000,3202.14000,3298.68000,27896.26537693,1737471035.2588892
LINKUSD,26.413050,23.674270,25.793060,530750.09287751,1737471035.2588913
XLTCZUSD,125.03000,113.10000,119.37000,60886.66774576,1737471035.2588933
MATICUSD,0.461500,0.428000,0.450300,930369.07354697,1737471035.2588959
SOLUSD,258.77000,230.15000,240.26000,598928.54895691,1737471035.2588983
XXBTZUSD,107840.00000,100114.20000,103721.50000,4112.12711275,1737471035.2589002
XDGUSD,0.401425600,0.335255400,0.371162500,217931319.04363138,1737471035.2589023
XXRPZUSD,3.36250000,3.00000000,3.10861000,65405537.18316315,1737471035.2589045
ADAUSD,1.072097,0.951005,0.986492,25996973.44774804,1737471095.4799824
DOTUSD,6.64470,6.15090,6.55480,538069.41710479,1737471095.4799855
XETHZUSD,3383.08000,3202.14000,3296.14000,27897.05818072,1737471095.4799864
LINKUSD,26.413050,23.674270,25.681680,530512.50346510,1737471095.4799876
XLTCZUSD,125.03000,113.10000,119.28000,60890.78950817,1737471095.4799888
MATICUSD,0.461500,0.428000,0.450300,930274.67407144,1737471095.47999
SOLUSD,258.77000,230.15000,240.00000,598964.45795606,1737471095.4799912
XXBTZUSD,107840.00000,100114.20000,103644.90000,4113.54111739,1737471095.4799922
XDGUSD,0.401425600,0.335255400,0.370153900,217815296.19819201,1737471095.479993
XXRPZUSD,3.36250000,3.00000000,3.10368000,65412461.18140102,1737471095.479994
ADAUSD,1.072097,0.951005,0.987789,25940420.44878530,1737471155.7455099
DOTUSD,6.64470,6.15090,6.56300,538051.66845309,1737471155.7455127
XETHZUSD,3383.08000,3202.14000,3298.37000,28193.05255897,1737471155.745514
LINKUSD,26.413050,23.674270,25.782960,530124.68078634,1737471155.7455149
XLTCZUSD,125.03000,113.10000,119.74000,60893.31288479,1737471155.745516
MATICUSD,0.461500,0.428000,0.450300,930043.75130888,1737471155.7455168
SOLUSD,258.77000,230.15000,240.31000,598932.49391041,1737471155.7455177
XXBTZUSD,107840.00000,100114.20000,103727.10000,4109.48711002,1737471155.7455187
XDGUSD,0.401425600,0.335255400,0.372446700,217921688.30941700,1737471155.7455199
XXRPZUSD,3.36250000,3.00000000,3.11185000,65406125.62914575,1737471155.745521
ADAUSD,1.072097,0.951005,0.989142,25824641.11731894,1737471215.9494252
DOTUSD,6.64470,6.15090,6.56300,537619.57402895,1737471215.949428
XETHZUSD,3383.08000,3202.14000,3299.20000,28199.84904476,1737471215.949429
LINKUSD,26.413050,23.674270,25.787970,529878.65918881,1737471215.9494302
XLTCZUSD,125.03000,113.10000,119.76000,60915.07780427,1737471215.9494312
MATICUSD,0.461500,0.428000,0.450300,930000.33082958,1737471215.9494324
SOLUSD,258.71000,230.15000,239.87000,600329.61123724,1737471215.949433
XXBTZUSD,107840.00000,100114.20000,103730.70000,4113.63437674,1737471215.9494345
XDGUSD,0.401425600,0.335255400,0.371786200,218124024.42559510,1737471215.9494357
XXRPZUSD,3.36250000,3.00000000,3.11126000,65425425.43690974,1737471215.949437
ADAUSD,1.072097,0.951005,0.986442,25825938.45084590,1737471276.1507068
DOTUSD,6.64470,6.15090,6.54770,538734.92546741,1737471276.1507087
XETHZUSD,3383.08000,3202.14000,3294.90000,28194.78679324,1737471276.1507092
LINKUSD,26.413050,23.674270,25.758920,529676.12813865,1737471276.1507106
XLTCZUSD,125.03000,113.10000,119.37000,61096.66462562,1737471276.150711
MATICUSD,0.461500,0.428000,0.450300,929985.85550399,1737471276.150712
SOLUSD,258.71000,230.15000,239.26000,601955.98471562,1737471276.1507127
XXBTZUSD,107840.00000,100114.20000,103503.00000,4113.70965715,1737471276.150714
XDGUSD,0.401425600,0.335255400,0.372399200,218211065.81017919,1737471276.1507146
XXRPZUSD,3.36250000,3.00000000,3.10788000,65422886.85427404,1737471276.1507154
ADAUSD,1.072097,0.951005,0.988392,25820117.75251793,1737471336.6326826
DOTUSD,6.64470,6.15090,6.54770,538726.84515478,1737471336.632686
XETHZUSD,3383.08000,3202.14000,3295.41000,28205.36940972,1737471336.6326869
LINKUSD,26.413050,23.674270,25.846000,529457.54619337,1737471336.6326883
XLTCZUSD,125.03000,113.10000,119.75000,61097.62540420,1737471336.6326895
MATICUSD,0.461500,0.428000,0.451100,929952.35498187,1737471336.632691
SOLUSD,258.71000,230.15000,239.12000,604947.58686294,1737471336.6326928
XXBTZUSD,107840.00000,100114.20000,103575.60000,4116.84511722,1737471336.632694
XDGUSD,0.401425600,0.335255400,0.373426500,218192220.25657692,1737471336.6326954
XXRPZUSD,3.36250000,3.00000000,3.11354000,65424958.57647005,1737471336.6326966
ADAUSD,1.072097,0.951005,0.987455,25821163.57179304,1737471397.718202
DOTUSD,6.64470,6.15090,6.54620,538852.53215478,1737471397.718205
XETHZUSD,3383.08000,3202.14000,3289.01000,28221.42653234,1737471397.718206
LINKUSD,26.413050,23.674270,25.794190,529058.57093616,1737471397.7182066
XLTCZUSD,125.03000,113.10000,119.28000,61095.29925059,1737471397.7182071
MATICUSD,0.461500,0.428000,0.451100,929952.35498187,1737471397.7182086
SOLUSD,258.71000,230.15000,238.62000,604785.42387071,1737471397.71821
XXBTZUSD,107780.10000,100114.20000,103331.90000,4115.60581515,1737471397.718212
XDGUSD,0.401425600,0.335255400,0.372377500,218329431.22549559,1737471397.7182128
XXRPZUSD,3.36250000,3.00000000,3.10973000,65314263.70127196,1737471397.718214
ADAUSD,1.072097,0.951005,0.982601,25856316.23969500,1737471457.9211805
DOTUSD,6.64470,6.15090,6.53300,538850.72460332,1737471457.9211829
XETHZUSD,3383.08000,3202.14000,3286.66000,28257.32873817,1737471457.921184
LINKUSD,26.413050,23.674270,25.700620,529169.24637149,1737471457.921185
XLTCZUSD,125.03000,113.10000,119.26000,61080.92181904,1737471457.9211864
MATICUSD,0.461500,0.428000,0.451100,929652.35498187,1737471457.9211879
SOLUSD,258.71000,230.15000,238.18000,605702.77550603,1737471457.9211893
XXBTZUSD,107780.10000,100114.20000,103250.00000,4116.54900879,1737471457.9211898
XDGUSD,0.401425600,0.335255400,0.370716100,216500113.20163203,1737471457.9211907
XXRPZUSD,3.36250000,3.00000000,3.10207000,65144063.72847121,1737471457.9211917
ADAUSD,1.071504,0.951005,0.980764,25834215.80885713,1737471518.2414021
DOTUSD,6.64470,6.15090,6.51330,538371.71718822,1737471518.2414076
XETHZUSD,3383.08000,3202.14000,3277.47000,28858.68679240,1737471518.2414088
LINKUSD,26.413050,23.674270,25.637200,529680.84605582,1737471518.24141
XLTCZUSD,125.03000,113.10000,118.97000,61084.60067337,1737471518.241412
MATICUSD,0.461500,0.428000,0.451100,929626.37987762,1737471518.241413
SOLUSD,258.71000,230.15000,237.83000,605598.45929301,1737471518.241414
XXBTZUSD,107780.10000,100114.20000,102944.40000,4124.02892909,1737471518.241415
XDGUSD,0.401425600,0.335255400,0.369500000,216575713.53129897,1737471518.2414165
XXRPZUSD,3.36250000,3.00000000,3.09614000,65115919.47180487,1737471518.2414176
ADAUSD,1.071504,0.951005,0.982154,25859751.13552698,1737471578.4495533
DOTUSD,6.64470,6.15090,6.51390,538405.61707752,1737471578.4495566
XETHZUSD,3383.08000,3202.14000,3282.22000,28858.04175437,1737471578.4495575
LINKUSD,26.403100,23.674270,25.621370,529377.89390010,1737471578.4495585
XLTCZUSD,125.03000,113.10000,119.16000,61097.70291528,1737471578.4495595
MATICUSD,0.461500,0.428000,0.448600,929659.81723830,1737471578.4495604
SOLUSD,258.71000,230.15000,238.56000,605885.05322314,1737471578.4495616
XXBTZUSD,107780.10000,100114.20000,103043.00000,4128.86089053,1737471578.4495692
XDGUSD,0.401425600,0.335255400,0.370552400,217064877.41955296,1737471578.4495707
XXRPZUSD,3.36250000,3.00000000,3.09953000,64858020.41831072,1737471578.449572
ADAUSD,1.071504,0.951005,0.983926,25861963.33490219,1737471638.7290857
DOTUSD,6.64470,6.15090,6.51390,537834.06466198,1737471638.7290885
XETHZUSD,3383.08000,3202.14000,3282.73000,28856.27003514,1737471638.7290895
LINKUSD,26.403100,23.674270,25.721310,529173.34931091,1737471638.7290905
XLTCZUSD,125.03000,113.10000,119.31000,61039.58099316,1737471638.729092
MATICUSD,0.461500,0.428000,0.448600,929623.59099923,1737471638.729093
SOLUSD,258.71000,230.15000,238.49000,605785.26454504,1737471638.7290947
XXBTZUSD,107780.10000,100114.20000,103162.30000,4125.46653224,1737471638.7290964
XDGUSD,0.401425600,0.335255400,0.369866500,217065761.58137105,1737471638.7290983
XXRPZUSD,3.36250000,3.00000000,3.09790000,64705076.79085558,1737471638.7290993
ADAUSD,1.071504,0.951005,0.985341,25860687.93824437,1737471699.142774
DOTUSD,6.64470,6.15090,6.53190,538822.64831293,1737471699.1427782
XETHZUSD,3383.08000,3202.14000,3288.58000,28859.65607009,1737471699.1427798
LINKUSD,26.403100,23.674270,25.842460,528183.61349460,1737471699.1427822
XLTCZUSD,125.03000,113.10000,119.25000,61040.59584786,1737471699.1427846
MATICUSD,0.461500,0.428000,0.450300,928364.15964923,1737471699.1427865
SOLUSD,258.71000,230.15000,238.49000,605211.03075808,1737471699.1427884
XXBTZUSD,107780.10000,100114.20000,103140.20000,4122.88688595,1737471699.1427898
XDGUSD,0.401425600,0.335255400,0.370321800,217176736.09888949,1737471699.1427917
XXRPZUSD,3.36250000,3.00000000,3.10150000,64711175.11773389,1737471699.142794
ADAUSD,1.071504,0.951005,0.984840,25859703.92519728,1737471759.4724197
DOTUSD,6.64470,6.15090,6.55010,538721.08216646,1737471759.4724226
XETHZUSD,3383.08000,3202.14000,3280.11000,29017.45059423,1737471759.4724233
LINKUSD,26.403100,23.674270,25.777660,518297.30104074,1737471759.4724247
XLTCZUSD,125.03000,113.10000,119.48000,61003.24173720,1737471759.472426
MATICUSD,0.461500,0.428000,0.450100,928606.20682710,1737471759.4724274
SOLUSD,258.71000,230.15000,238.06000,605390.21959655,1737471759.4724283
XXBTZUSD,107780.10000,100114.20000,102973.10000,4123.02009192,1737471759.47243
XDGUSD,0.401425600,0.335255400,0.371209600,217772205.35549535,1737471759.4724317
XXRPZUSD,3.36250000,3.00000000,3.09957000,64709776.75351583,1737471759.4724326
ADAUSD,1.071504,0.951005,0.986066,25859556.15733680,1737471819.6830182
DOTUSD,6.64470,6.15090,6.55010,538410.27684037,1737471819.6830223
XETHZUSD,3383.08000,3202.14000,3282.65000,29071.56333710,1737471819.6830235
LINKUSD,26.403100,23.674270,25.859790,517782.50472522,1737471819.6830242
XLTCZUSD,125.03000,113.10000,119.62000,60983.98285608,1737471819.6830254
MATICUSD,0.461500,0.428000,0.449400,928617.33277281,1737471819.683027
SOLUSD,258.71000,230.15000,237.89000,605200.25167345,1737471819.683028
XXBTZUSD,107780.10000,100114.20000,102886.30000,4123.87802881,1737471819.6830292
XDGUSD,0.401425600,0.335255400,0.370476700,217800547.89488604,1737471819.6830308
XXRPZUSD,3.36250000,3.00000000,3.10150000,64685125.93970062,1737471819.6830318
ADAUSD,1.071504,0.951005,0.983118,25859583.79468037,1737471879.8767211
DOTUSD,6.64470,6.15090,6.51970,539355.30281705,1737471879.8767242
XETHZUSD,3383.08000,3202.14000,3273.69000,29070.30322093,1737471879.876725
LINKUSD,26.403100,23.674270,25.738200,517744.85235909,1737471879.876727
XLTCZUSD,125.03000,113.10000,118.84000,61173.25180623,1737471879.8767278
MATICUSD,0.461500,0.428000,0.449400,928473.38138281,1737471879.8767295
SOLUSD,258.71000,230.15000,236.89000,605277.56133521,1737471879.8767307
XXBTZUSD,107780.10000,100114.20000,102838.00000,4120.65849332,1737471879.8767316
XDGUSD,0.401425600,0.335255400,0.368750600,218964366.67773838,1737471879.8767326
XXRPZUSD,3.36250000,3.00000000,3.08959000,64598928.26262085,1737471879.8767338
ADAUSD,1.071504,0.951005,0.982101,25860404.23436762,1737471940.0876074
DOTUSD,6.64470,6.15090,6.50510,539198.90388627,1737471940.0876112
XETHZUSD,3383.08000,3202.14000,3269.79000,29078.37537736,1737471940.0876129
LINKUSD,26.403100,23.674270,25.678170,517309.11330954,1737471940.0876148
XLTCZUSD,125.03000,113.10000,118.74000,61182.47019055,1737471940.0876162
MATICUSD,0.461500,0.428000,0.449400,928473.38138281,1737471940.087618
SOLUSD,258.71000,230.15000,236.64000,605255.29326277,1737471940.0876195
XXBTZUSD,107762.30000,100114.20000,102802.00000,4120.61722689,1737471940.087623
XDGUSD,0.401425600,0.335255400,0.370136300,219839637.13124341,1737471940.0876248
XXRPZUSD,3.36250000,3.00000000,3.08714000,64310858.45022578,1737471940.087627
ADAUSD,1.071504,0.951005,0.979330,25856803.28660702,1737472000.2957425
DOTUSD,6.64470,6.15090,6.48590,538826.55291264,1737472000.2957454
XETHZUSD,3383.08000,3202.14000,3265.92000,29086.58771598,1737472000.295746
LINKUSD,26.403100,23.674270,25.604360,515689.04816499,1737472000.295747
XLTCZUSD,125.03000,113.10000,118.74000,61175.58091490,1737472000.295748
MATICUSD,0.461500,0.428000,0.446900,918942.70946018,1737472000.2957492
SOLUSD,258.71000,230.15000,236.13000,605259.47034788,1737472000.2957504
XXBTZUSD,107700.10000,100114.20000,102807.20000,4117.46387618,1737472000.2957513
XDGUSD,0.401425600,0.335255400,0.368612400,219839130.50624370,1737472000.2957525
XXRPZUSD,3.36250000,3.00000000,3.08263000,64262464.76683082,1737472000.2957532
ADAUSD,1.071504,0.951005,0.978135,25831410.39503500,1737472060.4965866
DOTUSD,6.64470,6.15090,6.47960,538859.58707243,1737472060.4965887
XETHZUSD,3383.08000,3202.14000,3269.99000,29081.31663086,1737472060.49659
LINKUSD,26.403100,23.674270,25.518960,513903.28346798,1737472060.496591
XLTCZUSD,125.03000,113.10000,118.53000,61098.38093572,1737472060.496592
MATICUSD,0.461500,0.428000,0.446900,918174.18547018,1737472060.4965935
SOLUSD,258.71000,230.15000,236.70000,608292.83735496,1737472060.4965942
XXBTZUSD,107596.50000,100114.20000,102931.10000,4116.27109103,1737472060.4965963
XDGUSD,0.401425600,0.335255400,0.369075000,220211652.38203967,1737472060.4965973
XXRPZUSD,3.36250000,3.00000000,3.08362000,64303171.23325366,1737472060.4966042
ADAUSD,1.071504,0.951005,0.981960,25836068.61677390,1737472120.756735
DOTUSD,6.64470,6.15090,6.49740,538586.86377111,1737472120.7567377
XETHZUSD,3383.08000,3202.14000,3274.93000,29082.30687496,1737472120.7567391
LINKUSD,26.403100,23.674270,25.600000,513812.13624124,1737472120.75674
XLTCZUSD,125.03000,113.10000,119.05000,60981.30137496,1737472120.756741
MATICUSD,0.461500,0.428000,0.448600,924932.08379418,1737472120.7567422
SOLUSD,258.71000,230.15000,237.91000,610873.71979149,1737472120.7567434
XXBTZUSD,107568.60000,100114.20000,103146.00000,4120.14634539,1737472120.7567444
XDGUSD,0.401425600,0.335255400,0.368547400,221118219.94022748,1737472120.7567456
XXRPZUSD,3.36250000,3.00000000,3.09076000,64409366.36754494,1737472120.7567463
ADAUSD,1.071504,0.951005,0.983339,25831314.17917936,1737472181.0604677
DOTUSD,6.64470,6.15090,6.51300,539017.55785954,1737472181.0604713
XETHZUSD,3383.08000,3202.14000,3283.12000,29061.88441615,1737472181.0604732
LINKUSD,26.403100,23.674270,25.664180,513424.12671460,1737472181.0604746
XLTCZUSD,125.03000,113.10000,118.79000,61004.42975149,1737472181.0604763
MATICUSD,0.461500,0.428000,0.448600,923810.37889418,1737472181.0604784
SOLUSD,258.71000,230.15000,237.97000,612279.94899833,1737472181.0604808
XXBTZUSD,107500.00000,100114.20000,103274.10000,4118.86122553,1737472181.060482
XDGUSD,0.401425600,0.335255400,0.370717900,221358026.01954079,1737472181.060484
XXRPZUSD,3.36250000,3.00000000,3.09110000,64380972.72589668,1737472181.0604856
ADAUSD,1.071504,0.951005,0.982477,25836813.60993597,1737472241.2937222
DOTUSD,6.64470,6.15090,6.52060,537095.90905112,1737472241.29373
XETHZUSD,3383.08000,3202.14000,3280.99000,29056.66671909,1737472241.2937307
LINKUSD,26.403100,23.674270,25.570370,513153.17501515,1737472241.293732
XLTCZUSD,125.03000,113.10000,118.91000,60996.10005435,1737472241.2937331
MATICUSD,0.461500,0.428000,0.449700,927654.82497998,1737472241.2937343
SOLUSD,258.71000,230.15000,237.67000,613705.02365236,1737472241.2937355
XXBTZUSD,107500.00000,100114.20000,103274.30000,4116.97494396,1737472241.2937367
XDGUSD,0.401425600,0.335255400,0.371935000,221393303.77105983,1737472241.293738
XXRPZUSD,3.36250000,3.00000000,3.09039000,64309490.67453642,1737472241.2937396
ADAUSD,1.071504,0.951005,0.982630,25867687.88862436,1737472301.5015252
DOTUSD,6.64470,6.15090,6.52060,537085.53027144,1737472301.5015273
XETHZUSD,3383.08000,3202.14000,3276.22000,29060.40940486,1737472301.501528
LINKUSD,26.403100,23.674270,25.560000,512948.43915447,1737472301.5015295
XLTCZUSD,125.03000,113.10000,118.58000,60968.88486253,1737472301.5015304
MATICUSD,0.461500,0.428000,0.448900,932899.45132672,1737472301.5015314
SOLUSD,258.71000,230.15000,237.15000,613643.46768700,1737472301.5015323
XXBTZUSD,107487.10000,100114.20000,103043.10000,4117.01298220,1737472301.501533
XDGUSD,0.401425600,0.335255400,0.370409800,221407005.04729321,1737472301.5015337
XXRPZUSD,3.36250000,3.00000000,3.09014000,64243817.12429025,1737472301.501535
ADAUSD,1.071504,0.951005,0.977848,25924976.60393695,1737472361.8078394
DOTUSD,6.64470,6.15090,6.48420,537205.31407488,1737472361.8078718
XETHZUSD,3383.08000,3202.14000,3267.81000,29063.68098429,1737472361.8078732
LINKUSD,26.403100,23.674270,25.424030,521280.37970293,1737472361.8078752
XLTCZUSD,125.03000,113.10000,118.22000,61021.54079083,1737472361.8078768
MATICUSD,0.461500,0.428000,0.448900,931046.70450302,1737472361.8078797
SOLUSD,258.71000,230.15000,235.96000,613335.97411108,1737472361.8078814
XXBTZUSD,107487.10000,100114.20000,102788.10000,4117.02619421,1737472361.8079002
XDGUSD,0.401425600,0.335255400,0.369863700,221424583.86639155,1737472361.8079028
XXRPZUSD,3.36250000,3.00000000,3.08329000,64234866.78059403,1737472361.8079047
ADAUSD,1.071504,0.951005,0.979096,25926027.21414935,1737472422.0177562
DOTUSD,6.64470,6.15090,6.48220,527519.66229506,1737472422.0177581
XETHZUSD,3383.08000,3202.14000,3269.23000,29060.32853505,1737472422.0177596
LINKUSD,26.403100,23.674270,25.463230,521182.86460541,1737472422.0177605
XLTCZUSD,125.03000,113.10000,118.33000,61034.94643379,1737472422.0177615
MATICUSD,0.461500,0.428000,0.448900,931046.70450302,1737472422.0177631
SOLUSD,258.71000,230.15000,236.33000,614501.48950454,1737472422.0177643
XXBTZUSD,107487.10000,100114.20000,102902.30000,4117.34095777,1737472422.0177665
XDGUSD,0.401425600,0.335255400,0.370420600,221429251.53453266,1737472422.0177674
XXRPZUSD,3.36250000,3.00000000,3.08738000,64223422.48674214,1737472422.0177686
ADAUSD,1.071504,0.951005,0.980494,25844286.75585708,1737472482.4053705
DOTUSD,6.64470,6.15090,6.49550,527514.25453525,1737472482.405374
XETHZUSD,3383.08000,3202.14000,3270.75000,29069.63834347,1737472482.405376
LINKUSD,26.403100,23.674270,25.492220,520142.58237690,1737472482.4053779
XLTCZUSD,125.03000,113.10000,118.47000,61081.76896614,1737472482.4053795
MATICUSD,0.461500,0.428000,0.448900,931046.70450302,1737472482.405382
SOLUSD,258.71000,230.15000,236.66000,616447.12451849,1737472482.4053853
XXBTZUSD,107400.20000,100114.20000,103035.80000,4116.17846655,1737472482.4053884
XDGUSD,0.401425600,0.335255400,0.371778700,221501500.89739089,1737472482.4053905
XXRPZUSD,3.36250000,3.00000000,3.09115000,64176993.07260772,1737472482.4053924
ADAUSD,1.071504,0.951005,0.981064,25843164.78734595,1737472542.7149937
DOTUSD,6.64470,6.15090,6.49320,526826.47036294,1737472542.7149959
XETHZUSD,3383.08000,3202.14000,3271.08000,29069.80990676,1737472542.7149968
LINKUSD,26.403100,23.674270,25.505590,519726.06632497,1737472542.7149978
XLTCZUSD,125.03000,113.10000,118.48000,61064.34301055,1737472542.7149987
MATICUSD,0.461500,0.428000,0.448900,931046.70450302,1737472542.715
SOLUSD,258.71000,230.15000,237.28000,616599.55771402,1737472542.7150009
XXBTZUSD,107321.80000,100114.20000,102972.80000,4117.33566465,1737472542.7150018
XDGUSD,0.401425600,0.335255400,0.372488000,221564121.20820327,1737472542.7150028
XXRPZUSD,3.36250000,3.00000000,3.09491000,64171408.25821087,1737472542.715004
ADAUSD,1.071504,0.951005,0.981962,25843330.62830219,1737472602.9985287
DOTUSD,6.64470,6.15090,6.51820,525340.56560275,1737472602.9985316
XETHZUSD,3383.08000,3202.14000,3278.21000,29075.61413662,1737472602.9985323
LINKUSD,26.403100,23.674270,25.568050,519361.82094636,1737472602.9985335
XLTCZUSD,125.03000,113.10000,118.58000,61045.33373225,1737472602.998535
MATICUSD,0.461500,0.428000,0.448900,931301.53234089,1737472602.998536
SOLUSD,258.71000,230.15000,237.77000,616821.46355285,1737472602.9985373
XXBTZUSD,107100.10000,100114.20000,103200.00000,4115.77224411,1737472602.998538
XDGUSD,0.401425600,0.335255400,0.372562000,222672414.01354196,1737472602.9985394
XXRPZUSD,3.36250000,3.00000000,3.09945000,64138049.78563287,1737472602.9985409
ADAUSD,1.071504,0.951005,0.984177,25849460.59373836,1737472663.205597
DOTUSD,6.64470,6.15090,6.51920,525320.86482191,1737472663.2055993
XETHZUSD,3383.08000,3202.14000,3279.78000,29072.23459370,1737472663.2056003
LINKUSD,26.403100,23.674270,25.639010,519305.97246429,1737472663.2056012
XLTCZUSD,125.03000,113.10000,118.83000,61054.73424132,1737472663.2056024
MATICUSD,0.461500,0.428000,0.448900,931301.53234089,1737472663.2056036
SOLUSD,258.71000,230.15000,238.03000,616447.30385464,1737472663.2056043
XXBTZUSD,106900.00000,100114.20000,103250.00000,4113.88460307,1737472663.2056057
XDGUSD,0.401425600,0.335255400,0.373093800,222672344.95962073,1737472663.205607
XXRPZUSD,3.36250000,3.00000000,3.10215000,64141317.12729926,1737472663.2056084
ADAUSD,1.071504,0.951005,0.985017,25848446.58736077,1737472723.5930252
DOTUSD,6.64470,6.15090,6.52510,525162.18840097,1737472723.5930288
XETHZUSD,3383.08000,3202.14000,3280.46000,29039.96833587,1737472723.5930302
LINKUSD,26.403100,23.674270,25.740010,518919.00999768,1737472723.5930314
XLTCZUSD,125.03000,113.10000,118.93000,61070.52086641,1737472723.5930324
MATICUSD,0.461500,0.428000,0.448900,931210.97594282,1737472723.5930343
SOLUSD,258.71000,230.15000,237.74000,616216.96560182,1737472723.593036
XXBTZUSD,106900.00000,100114.20000,103146.00000,4103.40658643,1737472723.5930374
XDGUSD,0.401425600,0.335255400,0.373653400,222914340.00408459,1737472723.5930383
XXRPZUSD,3.36250000,3.00000000,3.10217000,63979822.40502285,1737472723.5930395
